StartTime_[LST],EndTime_[LST],ethylene_[ppbV],acetylene_[ppbV],ethane_[ppbV],propylene_[ppbV],propane_[ppbV],isobutane_[ppbV],cis-2-butene_[ppbV],n-butane_[ppbV],1-butene_[ppbV],trans-2-butene_[ppbV],isopentane_[ppbV],1-pentene_[ppbV],isoprene_[ppbV],cis-2-pentene_[ppbV],trans-2-pentene_[ppbV],n-pentane_[ppbV],cyclopentane_[ppbV],"2,3-dimethyl-butane_[ppbV]",2-methyl-pentane_[ppbV],3-methyl-pentane_[ppbV],methyl-cyclopentane_[ppbV],n-hexane_[ppbV],benzene_[ppbV],cyclohexane_[ppbV],"2,4-dimethyl-pentane_[ppbV]","2,3-dimethyl-pentane_[ppbV]",2-methyl-hexane_[ppbV],3-methyl-hexane_[ppbV],n-heptane_[ppbV],methyl-cyclohexane_[ppbV],toluene_[ppbV],"2,2,4-trimethyl-pentane_[ppbV]","2,3,4-trimethyl-pentane_[ppbV]",2-methyl-heptane_[ppbV],3-methyl-heptane_[ppbV],n-octane_[ppbV],ethyl-benzene_[ppbV],"m,p-xylene_[ppbV]",styrene_[ppbV],o-xylene_[ppbV],n-nonane_[ppbV],isopropyl-benzene_[ppbV],"1,3,5-trimethyl-benzene_[ppbV]",n-propyl-benzene_[ppbV],"1,2,4-trimethyl-benzene_[ppbV]",m-ethyl-toluene_[ppbV],p-ethyl-toluene_[ppbV],o-ethyl-toluene_[ppbV],"1,2,3-trimethyl-benzene_[ppbV]",n-decane_[ppbV],m-diethyl-benzene_[ppbV],n-undecane_[ppbV]
10/26/2017 14:29,10/26/2017 14:59,0.378,0.456,5.339,0.149,3.577,0.584,,1.61,,,0.512,,,,,0.602,,,0.099,,0.087,0.215,0.08,0.177,,,0.054,,0.088,0.073,0.082,,,0.052,,0.072,,,,,,,,,,,,,,,,
10/26/2017 15:36,10/26/2017 16:06,0.364,0.33,7.755,0.116,5.845,1.239,,2.758,,,0.877,,,,,1.028,0.06,,0.148,0.115,0.142,0.353,0.079,0.239,,,,,0.132,0.127,0.072,,,,,0.084,,0.1,,,0.1,,,,,,,,,0.091,0.06,0.089
10/26/2017 16:43,10/26/2017 17:13,0.108,0.21,3.979,,2.475,0.492,,1.241,,,0.395,,,,,0.476,,,0.08,,0.067,0.172,,0.173,,,,,0.065,0.055,,,,,,,,,,,,,,,,,,,,,,
10/26/2017 17:50,10/26/2017 18:20,0.237,0.202,2.867,,1.91,0.301,,0.827,,,0.267,,,,,0.333,,,,,,0.098,,0.151,,,,,,,,,,,,,,,,,,,,,,,,,,,,
10/26/2017 18:56,10/26/2017 19:26,0.179,0.277,4.179,,2.646,0.532,,1.273,,,0.428,,,,,0.448,,,0.065,,0.063,0.154,,0.165,,,,,,,,,,,,,,,,,,,,,,,,,,,,
10/26/2017 20:03,10/26/2017 20:33,0.296,0.245,5.936,,2.645,0.484,,1.263,,,0.397,,,,,0.454,,,0.071,,0.059,0.146,,0.195,,,,,,,,,,,,,,,,,,,,,,,,,,,,
10/26/2017 21:11,10/26/2017 21:41,0.105,0.196,4.999,,3.68,0.752,,1.657,,,0.574,,,,,0.649,,,0.083,0.05,0.065,0.193,,0.214,,,,,0.058,0.051,,,,,,,,,,,,,,,,,,,,,,
10/26/2017 22:19,10/26/2017 22:49,0.26,0.178,6.656,,3.521,0.579,,1.402,,,0.411,,,,,0.484,,,0.078,,0.06,0.157,,0.201,,,,,0.056,,,,,,,,,,,,,,,,,,,,,,,
10/26/2017 23:27,10/26/2017 23:57,0.447,0.39,7.935,,5.171,1.025,,2.491,,,0.753,,,,,0.961,0.058,,0.146,0.097,0.121,0.306,0.078,0.236,,,,,0.092,0.095,,,,,,,,,,,,,,,,,,,,,,
10/27/2017 0:34,10/27/2017 1:04,0.264,0.404,10.278,,6.835,1.207,,2.876,,,0.821,,,,,0.922,0.052,,0.127,0.116,0.095,0.263,0.063,0.203,,,,,0.069,0.067,,,,,,,,,,,,,,,,,,,,,,
10/27/2017 1:40,10/27/2017 2:10,0.875,0.445,9.285,0.054,6.71,1.348,,3.524,,,0.929,,,,,1.109,0.061,,0.142,0.096,0.121,0.263,0.069,0.192,,,,,0.077,0.054,,,,,,,,,,,,,,,,,,,,,,
10/27/2017 2:44,10/27/2017 3:14,0.817,0.539,7.003,,2.87,0.556,,1.39,,,0.509,,,,,0.528,,,0.08,0.053,0.065,0.169,0.051,0.147,,,,,,,,,,,,,,,,,,,,,,,,,,,,
10/27/2017 3:46,10/27/2017 4:16,0.622,0.405,10.841,0.053,5.335,1.171,,2.835,,,1.077,,,,0.064,0.967,,,0.141,0.099,0.102,0.253,0.076,0.166,,,,,0.074,0.064,0.061,,,,,,,,,,,,,,,,,,,,,
10/27/2017 4:50,10/27/2017 5:20,0.717,0.621,10.859,0.122,10.702,2.059,,5.668,0.084,,1.517,,,,0.082,1.682,0.096,,0.194,0.154,0.176,0.389,0.104,0.19,,,,,0.087,0.069,,,,,,,,,,,,,,,,,,,,,,
10/27/2017 5:53,10/27/2017 6:23,0.73,0.41,7.404,0.118,5.056,0.799,,2.256,,,0.649,,,,,0.719,,,0.109,,0.089,0.176,0.083,0.13,,,,,,,,,,,,,,,,,,,,,,,,,,,,
10/27/2017 6:54,10/27/2017 7:24,1.191,0.693,6.264,0.24,3.572,0.643,,1.596,,,0.559,,,,,0.558,,,0.105,0.078,0.094,0.188,0.138,0.131,,,,,0.064,,0.099,,,,,,,0.079,,,,,,,,,,,,,,
10/27/2017 7:56,10/27/2017 8:26,1.06,0.67,7.71,0.214,4.099,0.802,,1.876,,,0.703,,,,0.05,0.678,,,0.128,0.094,0.09,0.216,0.136,0.153,,,0.065,0.083,0.11,0.065,0.133,,,,,,,0.107,,,,,,,,,,,,,,
10/27/2017 8:59,10/27/2017 9:29,0.987,0.676,9.029,0.174,4.52,0.825,,2.013,,,0.788,,,,0.051,0.741,,,0.144,0.094,0.107,0.227,0.127,0.183,,,0.065,0.072,0.122,0.061,0.117,,,,,,,0.113,,,,,,,,,,,,,,
10/27/2017 10:06,10/27/2017 10:36,1.054,0.747,7.137,0.205,3.514,0.711,,1.756,,,0.753,,,,,0.795,,,0.13,0.102,0.09,0.178,0.154,0.236,,,0.054,0.051,0.078,0.051,0.2,,,,,,,0.095,,,,,,,,,,,,,,
10/27/2017 11:25,10/27/2017 11:55,0.398,0.31,3.477,,1.57,0.302,,0.804,,,0.324,,,,,0.324,,,,,,0.098,0.054,0.159,,,,,,,,,,,,,,,,,,,,,,,,,,,,
10/27/2017 12:30,10/27/2017 13:00,0.311,0.313,4.497,,2.859,0.539,,1.385,,,0.431,,,,,0.487,,,0.072,,0.062,0.15,0.058,0.177,,,,,,,,,,,,,,,,,,,,,,,,,,,,
10/27/2017 13:42,10/27/2017 14:12,0.234,0.214,4.795,,3.133,0.543,,1.518,,,0.449,,,,,0.544,,,0.079,,0.076,0.176,0.053,0.192,,,,,0.063,0.063,,,,,,,,,,,,,,,,,,,,,,
10/27/2017 14:54,10/27/2017 15:24,0.124,0.223,6.579,,4.047,0.74,,1.966,,,0.581,,,,,0.727,,,0.099,0.073,0.067,0.224,0.052,0.192,,,,,0.07,0.066,,,,,,,,,,,,,,,,,,,,,,
10/28/2017 0:50,10/28/2017 1:20,1.209,1.237,12.771,0.224,4.368,0.843,,1.886,,,0.871,,,,,0.689,,,0.152,0.157,0.147,0.324,0.201,0.066,,,0.065,0.093,0.109,0.09,0.451,0.079,,,,,,0.16,,,,,,,,,,,,,,
10/28/2017 2:14,10/28/2017 2:44,0.967,0.894,9.056,0.185,2.977,3.472,0.148,6.281,0.478,0.213,3.807,0.189,,0.16,0.412,1.803,0.116,0.078,0.361,0.282,0.241,0.499,0.215,0.15,,0.055,0.112,0.116,0.105,0.073,0.445,0.076,,,,,,0.149,,0.06,,,,,,,,,,,,
10/28/2017 3:30,10/28/2017 4:00,0.837,0.874,8.685,0.146,2.271,0.465,,1.024,,,0.53,,,,,0.335,,,0.087,0.093,0.069,0.175,0.147,0.062,,0.051,,0.05,0.054,,0.326,0.064,,,,,,0.107,,,,,,,,,,,,,,
10/28/2017 4:55,10/28/2017 5:25,0.879,0.958,6.734,0.102,1.89,0.377,,0.822,,,0.404,,,,,0.301,,,0.065,0.071,0.057,0.134,0.122,,,,,,,,0.201,,,,,,,0.07,,,,,,,,,,,,,,
10/28/2017 6:11,10/28/2017 6:41,1.055,0.719,10.843,0.223,3.321,0.68,0.065,1.406,,,0.749,,,,0.054,0.524,,,0.147,0.146,0.113,0.258,0.177,0.115,,0.082,0.065,0.087,0.092,0.088,0.382,0.177,0.164,,,,0.054,0.173,,0.057,,,,,,,,,,,,
10/28/2017 7:38,10/28/2017 8:08,1.563,1.413,10.963,0.285,2.857,0.68,0.065,1.602,0.056,,0.878,,,,0.068,0.593,,,0.143,0.137,0.117,0.236,0.228,0.106,,0.059,0.205,0.266,0.343,0.101,0.441,0.061,,,,,0.052,0.173,,,,,,,,,,,,,,
10/28/2017 9:08,10/28/2017 9:38,0.602,0.728,4.203,0.118,1.285,0.28,,0.66,,,0.332,,,,,0.234,,,0.056,0.072,0.055,0.142,0.112,,,,,,,,0.164,,,,,,,0.068,,,,,,,,,,,,,,
10/28/2017 10:17,10/28/2017 10:47,0.648,0.508,3.627,0.13,1.19,0.318,,0.85,,,0.456,,,,,0.28,,,0.059,0.093,0.05,0.131,0.129,,,,,,,,0.22,,,,,,,0.086,,,,,,,,,,,,,,
10/28/2017 12:36,10/28/2017 13:06,0.36,0.318,2.512,0.055,1.043,0.218,,0.528,,,0.256,,,,,0.185,,,,0.055,,0.101,0.083,,,,,,,,0.148,,,,,,,,,,,,,,,,,,,,,
10/28/2017 13:37,10/28/2017 14:07,0.373,0.357,2.63,0.05,1.064,0.214,,0.509,,,0.265,,,,,0.155,,,,0.06,,0.089,0.086,,,,,,,,0.18,,,,,,,,,,,,,,,,,,,,,
10/28/2017 14:41,10/28/2017 15:11,0.247,0.236,1.831,,0.749,0.159,,0.416,,,0.179,,,,,0.125,,,,,,0.062,0.067,,,,,,,,0.109,,,,,,,,,,,,,,,,,,,,,
10/28/2017 15:41,10/28/2017 16:11,0.262,0.254,4.801,,1.972,0.401,,0.923,,,0.373,,,,,0.301,,,0.063,0.068,0.059,0.136,0.088,,,,,,,,0.135,,,,,,,,,,,,,,,,,,,,,
10/28/2017 16:40,10/28/2017 17:10,0.553,0.691,3.39,0.103,1.432,0.428,,0.847,,,0.382,,,,,0.254,,,0.067,0.078,0.063,0.129,0.109,,,,,,,,0.265,,,,,,,0.077,,,,,,,,,,,,,,
10/28/2017 17:44,10/28/2017 18:14,1.718,0.928,5.562,0.44,2.941,0.725,0.094,1.717,0.066,,0.906,0.051,,,0.071,0.637,,,0.155,0.175,0.138,0.308,0.27,0.099,,0.09,0.1,0.12,0.11,0.06,0.762,0.07,,,,,0.076,0.239,,0.088,0.052,,,,,,,,,,,
10/28/2017 18:54,10/28/2017 19:24,1.023,0.973,17.705,0.288,7.696,1.773,0.099,3.783,0.086,,1.503,,,,0.072,1.21,0.079,,0.272,0.254,0.256,0.538,0.225,0.253,,,0.181,0.229,0.271,0.227,1.12,0.061,,,,0.063,0.071,0.205,,0.072,0.061,,,,,,,,,,,
10/28/2017 20:07,10/28/2017 20:37,0.367,0.371,7.589,0.124,4.836,1.594,,4.094,0.081,,1.787,,,,0.078,1.692,0.098,,0.327,0.236,0.32,0.721,0.169,0.325,,,0.111,0.135,0.26,0.336,0.429,,,0.052,,0.085,,0.13,,,0.059,,,,,,,,,,,
10/28/2017 21:27,10/28/2017 21:57,0.335,0.266,3.804,0.077,0.932,0.259,,0.372,,,0.179,,,,,0.126,,,,,,0.075,0.067,0.131,,,,,,,0.126,,,,,,,,,,,,,,,,,,,,,
10/28/2017 22:50,10/28/2017 23:20,0.453,0.3,3.078,0.071,0.848,0.202,,0.369,,,0.165,,,,,0.11,,,,,,0.071,0.065,0.131,,,,,,,0.113,,,,,,,,,,,,,,,,,,,,,
10/29/2017 0:11,10/29/2017 0:41,0.194,0.211,3.221,,0.832,0.188,,0.307,,,0.143,,,,,0.1,,,,,,0.07,0.05,0.109,,,,,,,0.109,,,,,,,,,,,,,,,,,,,,,
10/29/2017 1:31,10/29/2017 2:01,0.156,0.173,3.165,,0.787,0.166,,0.27,,,0.142,,,,,0.095,,,,,,0.065,,0.105,,,,,,,0.099,,,,,,,,,,,,,,,,,,,,,
10/29/2017 2:50,10/29/2017 3:20,0.107,0.2,3.16,,0.784,0.167,,0.279,,,0.123,,,,,0.087,,,,,,0.055,,0.102,,,,,,,0.07,,,,,,,,,,,,,,,,,,,,,
10/29/2017 4:10,10/29/2017 4:40,0.195,0.176,3.232,,0.907,0.172,,0.288,,,0.145,,,,,0.105,,,,,,0.101,,0.094,,,,,,,0.098,,,,,,,,,,,,,,,,,,,,,
10/29/2017 5:30,10/29/2017 6:00,0.359,0.321,3.69,,0.916,0.179,,0.322,,,0.168,,,,,0.123,,,,,,0.067,0.056,0.099,,,,,,,0.102,,,,,,,,,,,,,,,,,,,,,
10/29/2017 6:51,10/29/2017 7:21,0.908,0.645,4.573,0.249,1.211,0.245,0.059,0.499,,,0.33,,,,,0.245,,,0.075,0.083,0.068,0.138,0.146,0.13,,,,,,,0.271,,,,,,,0.14,,,,,,,,,,,,,,
10/29/2017 11:50,10/29/2017 12:20,,0.101,1.531,,0.475,0.085,,0.192,,,0.072,,,,,0.061,,,,,,,,,,,,,,,,,,,,,,,,,,,,,,,,,,,,
10/29/2017 12:49,10/29/2017 13:19,,0.177,1.886,,0.709,0.199,,0.421,,,0.186,,,,,0.169,,,,,,0.066,,,,,,,,,,,,,,,,,,,,,,,,,,,,,,
10/29/2017 13:49,10/29/2017 14:19,,,2.431,,0.802,0.173,,0.369,,,0.156,,,,,0.125,,,,,,0.063,,,,,,,,,,,,,,,,,,,,,,,,,,,,,,
10/29/2017 14:49,10/29/2017 15:19,0.179,0.177,1.702,,0.811,0.148,,0.382,,,0.176,,,,,0.155,,,,,,0.062,,,,,,,,,0.054,,,,,,,,,,,,,,,,,,,,,
10/29/2017 15:48,10/29/2017 16:18,0.424,0.241,48.8,0.112,19.153,4.475,,10.747,0.187,,5.499,,,,0.243,5.64,0.565,0.054,1.447,1.164,1.985,3.856,1.056,1.812,0.225,0.232,1.183,1.193,2.811,4.317,2.748,,0.062,0.939,0.772,1.881,0.191,2.119,,0.477,1.258,,0.206,0.059,0.193,,,0.326,0.053,0.73,0.051,0.568
10/29/2017 16:48,10/29/2017 17:18,0.204,0.159,7.678,,3.995,0.797,,1.978,,,0.742,,,,,0.816,0.057,,0.165,0.154,0.189,0.442,0.173,0.148,,,0.114,0.123,0.323,0.448,0.333,,,0.121,0.095,0.228,,0.271,,0.056,0.157,,,,,,,,,0.061,,0.061
10/29/2017 17:53,10/29/2017 18:23,0.18,0.209,5.805,,3.472,0.706,,1.868,,,0.7,,,,,0.705,,,0.142,0.129,0.146,0.333,0.119,0.133,,,0.072,0.077,0.184,0.26,0.19,,,0.064,0.051,0.121,,0.154,,,0.101,,,,,,,,,,,
10/29/2017 19:03,10/29/2017 19:33,0.286,0.243,63.579,0.087,28.344,5.835,,13.191,0.238,,5.375,,,,0.239,5.601,0.389,0.057,1.394,1.182,1.306,3.214,0.677,1.413,0.205,0.15,0.889,0.877,2.107,3.019,1.633,,,0.66,0.307,1.257,,1.278,,0.268,0.757,,0.111,,0.104,0.065,,0.193,,0.41,0.15,0.265
10/29/2017 20:17,10/29/2017 20:47,0.455,0.365,518.208,0.442,274.217,60.218,,132.526,2.743,,55.24,0.516,0.223,,2.562,58.873,3.987,0.69,13.819,11.81,14.541,33.273,5.438,10.727,2.023,1.469,9.222,8.669,20.571,28.742,14.372,,0.373,6.041,5.516,11.068,0.845,10.71,,2.172,6.513,0.121,0.903,0.277,0.798,0.595,0.162,1.593,0.18,3.3,0.091,1.825
10/29/2017 21:30,10/29/2017 22:00,0.102,0.196,18.301,0.06,8.19,1.799,,4.261,0.08,,1.769,,,,0.076,1.8,0.124,,0.428,0.389,0.458,0.945,0.261,0.493,0.06,0.094,0.238,0.246,0.592,0.763,0.507,,,0.179,0.158,0.35,,0.37,,0.088,0.212,,,,,,,,,0.082,,0.057
10/29/2017 22:42,10/29/2017 23:12,0.364,0.312,228.183,0.228,117.094,26.731,,59.412,1.247,,24.77,0.235,0.1,,1.14,26.331,1.818,,6.275,5.224,6.745,14.803,2.566,5.957,0.926,0.648,3.247,4.017,9.312,13.385,6.555,,0.178,2.734,2.203,4.961,0.409,4.932,,1.016,2.944,0.057,0.41,0.121,0.405,0.253,0.062,0.706,0.08,1.47,0.066,0.745
10/29/2017 23:56,10/30/2017 0:26,0.348,0.246,310.659,0.26,152.214,33.06,,74.5,1.542,,31.361,0.274,0.135,,1.448,33.174,2.163,,8.236,6.953,8.871,19.484,3.195,8.053,1.208,0.991,5.481,5.375,12.849,18.431,8.959,,0.247,3.844,3.208,7.186,0.558,7.028,,1.456,4.301,0.086,0.593,0.18,0.596,0.375,0.087,1.036,0.115,2.242,0.07,1.049
10/30/2017 1:08,10/30/2017 1:38,0.154,0.221,41.372,0.068,20.577,4.504,,10.596,0.191,,4.417,,,,0.202,4.68,0.331,,1.101,0.957,1.211,2.636,0.472,1.11,0.146,0.117,0.677,0.662,1.553,2.233,1.129,,,0.461,0.387,0.849,0.059,0.831,,0.162,0.452,,0.06,,0.055,,,0.094,,0.167,,0.097
10/30/2017 2:15,10/30/2017 2:45,0.203,0.152,68.041,0.062,31.393,6.898,,15.779,0.306,,6.824,0.051,,,0.298,7.082,0.496,,1.774,1.305,1.913,4.16,0.685,1.712,0.233,0.16,1.014,1.124,2.606,3.691,1.817,,,0.763,0.479,1.41,0.1,1.328,,0.261,0.713,,0.094,,0.092,0.056,,0.15,,0.325,,0.157
10/30/2017 3:20,10/30/2017 3:50,0.23,0.278,386.285,0.205,182.347,39.735,,88.113,1.769,,36.362,0.249,0.118,,1.601,37.288,2.609,,9.384,7.972,9.939,21.557,3.352,8.828,1.349,0.97,5.396,5.837,13.851,17.168,9.274,,0.266,3.984,3.235,7.369,,6.643,,1.361,3.934,0.073,0.522,0.156,0.506,0.318,0.079,0.827,0.086,1.726,0.082,0.761
10/30/2017 4:25,10/30/2017 4:55,0.187,0.259,526.099,0.399,275.421,61.287,,134.207,2.731,,56.913,0.459,0.21,,2.295,59.798,4.247,1.048,14.503,12.644,16.019,36.437,6.083,12.198,2.113,1.586,8.391,10.318,24.721,30.257,17.882,,0.484,7.742,7.162,14.357,,13.977,,2.856,8.684,0.182,1.171,0.376,,0.823,0.208,2.131,0.234,4.531,0.112,2.397
10/30/2017 5:30,10/30/2017 6:00,0.183,0.143,94.853,0.068,45,9.693,,21.367,0.437,,9.597,0.084,,,0.426,9.891,0.718,0.171,2.56,1.988,2.864,6.255,1.129,2.6,0.409,0.309,1.843,1.768,4.205,6.082,3.118,,0.083,1.292,0.751,2.458,0.192,2.502,,0.501,1.507,,0.214,0.063,0.22,0.137,,0.355,,0.787,,0.446
10/30/2017 6:36,10/30/2017 7:06,0.271,0.257,12.923,0.069,5.816,1.347,,4.323,0.083,,1.812,,,,0.093,2.155,0.183,,0.576,0.541,0.767,1.546,0.471,0.832,0.085,0.11,0.579,0.603,1.67,2.685,1.623,,,0.765,0.719,1.709,0.157,2.016,,0.455,1.48,,0.232,0.064,,0.148,0.06,0.425,,0.941,0.086,0.626
10/30/2017 11:17,10/30/2017 11:47,0.185,0.275,8.691,,4.174,0.77,,1.936,,,0.615,,,,,0.684,,,0.11,0.092,0.103,0.24,0.097,0.071,,,,,0.093,0.098,0.07,,,,,,,,,,,,,,,,,,,,,
10/30/2017 12:23,10/30/2017 12:53,0.292,0.247,8.394,,4.533,0.895,,2.334,,,0.74,,,,,0.847,,,0.131,0.093,0.117,0.293,0.108,0.08,,,,,0.09,0.094,0.073,,,,,,,,,,,,,,,,,,,,,
10/30/2017 13:30,10/30/2017 14:00,0.29,0.286,7.797,,4.268,0.88,,2.246,,,0.705,,,,,0.789,,,0.147,0.1,0.115,0.333,0.115,0.119,,,,0.055,0.108,0.117,0.092,,,,,,,,,,,,,,,,,,,,,
10/30/2017 14:39,10/30/2017 15:09,0.348,0.417,6.843,0.061,4.226,0.866,,2.277,,,0.677,,,,,0.679,,,0.103,0.08,0.096,0.227,0.112,0.097,,,,,0.07,0.069,0.092,,,,,,,,,,,,,,,,,,,,,
10/30/2017 15:46,10/30/2017 16:16,0.521,0.564,6.676,0.104,3.998,0.744,,2.005,,,0.7,,,,,0.756,,,0.108,0.136,0.095,0.208,0.125,0.101,,,,,0.068,0.065,0.146,,,,,,,0.054,,,,,,,,,,,,,,
10/30/2017 16:58,10/30/2017 17:28,0.939,0.889,7.325,0.193,3.805,0.744,,1.856,,,0.697,,,,,0.65,,,0.119,0.115,0.111,0.262,0.161,0.108,,,0.065,0.073,0.096,0.077,0.273,,,,,,,0.119,,0.051,,,,,,,,,,,,
10/30/2017 18:08,10/30/2017 18:38,1.206,1.16,7.295,0.259,2.99,0.637,,1.477,,,0.652,,,,,0.516,,,0.131,0.128,0.11,0.246,0.197,0.096,,,0.078,0.096,0.1,0.079,0.391,0.059,,,,,,0.179,,0.064,,,,,,,,,,,,
10/30/2017 19:16,10/30/2017 19:46,1.012,0.727,5.912,0.213,2.43,0.521,,1.204,,,0.501,,,,,0.382,,,0.094,0.095,0.085,0.187,0.174,0.074,,,0.052,0.06,0.065,,0.247,,,,,,,0.101,,,,,,,,,,,,,,
10/30/2017 20:24,10/30/2017 20:54,0.951,0.7,5.771,0.204,2.399,0.529,,1.185,,,0.517,,,,,0.39,,,0.095,0.079,0.082,0.179,0.163,0.072,,,,0.055,0.062,0.052,0.245,0.051,,,,,,0.108,,,,,,,,,,,,,,
10/30/2017 21:32,10/30/2017 22:02,0.359,0.256,6.742,0.099,3.871,0.673,,1.482,,,0.542,,,,,0.5,,,0.083,0.093,0.107,0.218,0.109,0.094,,,,0.057,0.102,0.113,0.187,,,,,0.051,,0.126,,,,,,,,,,,,,,
10/30/2017 22:42,10/30/2017 23:12,0.194,0.279,5.959,,5.071,0.871,,2.234,,,0.616,,,,,0.63,,,0.085,0.076,0.091,0.173,0.086,0.074,,,,,,0.053,0.07,,,,,,,,,,,,,,,,,,,,,
10/30/2017 23:50,10/31/2017 0:20,0.25,0.198,4.182,,3.012,0.44,,1.08,,,0.349,,,,,0.335,,,,0.056,0.059,0.116,0.08,0.065,,,,,,,0.059,,,,,,,,,,,,,,,,,,,,,
10/31/2017 0:58,10/31/2017 1:28,0.269,0.386,5.169,0.079,3.353,0.602,,1.393,,,0.53,,,,,0.478,,,0.063,0.071,0.072,0.159,0.084,0.096,,,,,0.056,0.059,0.073,,,,,,,,,,,,,,,,,,,,,
10/31/2017 2:08,10/31/2017 2:38,0.444,0.588,9.453,0.079,6.035,1.045,,2.579,,,0.77,,,,,0.943,0.067,,0.186,0.183,0.218,0.468,0.137,0.148,,,0.109,0.115,0.284,0.356,0.226,,,0.096,0.083,0.183,,0.172,,,0.117,,,,,,,,,,,
10/31/2017 3:17,10/31/2017 3:47,0.513,0.695,13.314,0.096,8.284,1.474,,3.647,0.07,,1.148,,,,0.057,1.264,0.083,,0.251,0.215,0.271,0.488,0.162,0.271,,,0.157,0.167,0.402,0.545,0.341,,,0.136,0.118,0.271,,0.289,,0.066,0.172,,,,,,,,,0.09,,
10/31/2017 4:26,10/31/2017 4:56,0.51,0.379,12.285,0.099,6.659,1.284,,3.19,0.057,,0.911,,,,,1.052,0.063,,0.145,0.152,0.137,0.36,0.122,0.136,,,0.057,0.068,0.137,0.16,0.152,,,,,0.061,,0.061,,,0.052,,,,,,,,,,,
10/31/2017 5:33,10/31/2017 6:03,0.43,0.376,11.384,0.094,7.717,1.357,,3.616,0.064,,0.978,,,,,1.105,0.075,,0.16,0.137,0.143,0.37,0.151,0.107,,,,0.061,0.118,0.104,0.176,,,,,,,,,,,,,,,,,,,,,
10/31/2017 6:37,10/31/2017 7:07,0.376,0.365,10.057,0.067,8.109,1.452,,4.221,0.074,,1.146,,,,0.052,1.302,0.094,,0.202,0.174,0.184,0.441,0.128,0.117,,,0.061,0.051,0.154,0.166,0.13,,,,,0.055,,,,,,,,,,,,,,,,
10/31/2017 7:41,10/31/2017 8:11,0.598,0.401,7.75,0.12,6.222,1.14,,3.178,0.054,,0.832,,,,,0.919,0.066,,0.131,0.121,0.129,0.315,0.126,0.076,,,,0.057,0.122,0.143,0.143,,,,,0.074,,0.079,,,,,,,,,,,,,,
10/31/2017 8:45,10/31/2017 9:15,0.34,0.362,11.134,0.079,6.919,1.269,,3.187,0.052,,0.885,,,,,0.982,0.058,,0.131,0.111,0.124,0.283,0.114,0.094,,,,,0.089,0.091,0.088,,,,,,,,,,,,,,,,,,,,,
10/31/2017 9:56,10/31/2017 10:26,0.28,0.399,6,0.05,3.57,0.716,,1.835,,,0.541,,,,,0.57,,,0.086,0.063,0.084,0.195,0.101,,,,,,0.064,0.063,0.137,,,,,,,,,,,,,,,,,,,,,
10/31/2017 10:57,10/31/2017 11:27,0.747,0.709,7.099,0.108,4.16,0.841,,2.119,,,0.718,,,,,0.663,,,0.12,0.094,0.117,0.257,0.138,,,,,0.058,0.085,0.073,0.223,,,,,,,0.074,,,,,,,,,,,,,,
10/31/2017 11:57,10/31/2017 12:27,0.991,0.716,8.046,0.166,4.121,0.858,,2.213,,,0.836,,,,,0.711,,,0.151,0.15,0.138,0.302,0.179,,,,0.073,0.084,0.104,0.085,0.382,0.051,,,,,,0.124,,,,,,,,,,,,,,
10/31/2017 12:56,10/31/2017 13:26,0.946,0.773,7.425,0.165,3.932,0.911,,2.152,,,0.847,,,,,0.687,,,0.144,0.147,0.119,0.286,0.173,,,,0.08,0.073,0.11,0.08,0.369,0.054,,,,,0.05,0.156,,0.05,,,,,,,,,,,,
10/31/2017 18:10,10/31/2017 18:40,1.359,0.843,5.942,0.392,3.65,0.696,0.085,1.606,0.055,,0.817,,,,0.062,0.52,,,0.144,0.15,0.118,0.265,0.261,0.052,,0.054,0.079,0.083,0.101,0.077,0.472,0.069,,,,,0.057,0.193,,0.063,,,,,,,,,,,,
10/31/2017 19:17,10/31/2017 19:47,1.609,0.84,30.762,0.411,20.674,5.433,0.077,16.604,0.364,,7.993,0.086,0.051,,0.48,10.667,0.779,,2.287,1.835,2.271,5.67,1.016,1.961,0.291,0.301,1.07,1.1,2.548,2.78,1.847,0.162,0.081,0.595,0.423,0.99,0.125,0.845,,0.237,0.42,,0.09,,,,,0.107,,0.193,,0.094
10/31/2017 20:25,10/31/2017 20:55,2.169,1.29,33.22,0.627,20.082,4.883,0.114,11.707,0.279,,5.485,0.095,0.055,,0.326,6.505,0.541,,1.936,1.427,2.112,4.725,0.973,1.84,0.289,0.259,0.961,1.168,2.503,3.316,1.92,0.076,0.072,0.595,0.34,0.944,0.122,0.922,,0.218,0.391,,0.081,,,,,0.114,,0.191,0.059,0.265
10/31/2017 21:35,10/31/2017 22:05,0.53,0.271,12.897,0.173,8.454,2.255,,4.523,0.082,,2.325,,,,0.086,1.942,0.206,,0.423,0.375,0.46,1.018,0.253,0.367,0.061,0.062,0.249,0.252,0.507,0.654,0.489,,,0.121,0.114,0.207,,0.218,,0.062,0.104,,,,,,,,,0.08,,0.107
10/31/2017 22:43,10/31/2017 23:13,0.67,0.837,11.063,0.162,6.517,1.442,,3.043,0.053,,1.267,,,,0.052,1.122,0.092,,0.191,0.217,0.208,0.483,0.159,0.105,,,0.087,0.099,0.157,0.183,0.295,,,,,0.07,,0.102,,,0.056,,,,,,,,,,,
10/31/2017 23:50,11/01/2017 0:20,0.642,0.522,8.816,0.147,4.931,1.042,,2.433,,,0.925,,,,,0.787,,,0.157,0.174,0.123,0.317,0.129,0.063,,,0.06,0.071,0.107,0.107,0.26,,,,,,,0.085,,,,,,,,,,,,,,
11/01/2017 0:56,11/01/2017 1:26,0.324,0.284,6.61,,9.086,0.757,,1.205,,,0.499,,,,,0.451,,,0.095,0.101,0.109,0.236,0.095,0.061,,,,,0.106,0.115,0.165,,,,,,,0.057,,,,,,,,,,,,,,
11/01/2017 2:04,11/01/2017 2:34,0.254,0.199,12.718,0.087,6.963,1.551,,3.536,0.06,,1.609,,,,0.064,1.591,0.152,,0.427,0.399,0.51,1.079,0.281,0.421,0.064,0.085,0.287,0.281,0.659,0.893,0.562,,,0.172,0.126,0.314,,0.296,,0.071,0.162,,,,,,,,,0.069,,0.09
11/01/2017 3:10,11/01/2017 3:40,0.857,0.635,24.574,0.154,15.386,2.651,,7.192,0.135,,1.9,,,,0.082,1.984,0.136,,0.28,0.244,0.305,0.612,0.178,0.175,,,0.107,0.115,0.242,0.289,0.244,,,0.071,,0.122,,0.137,,,0.104,,,,,,,,,0.065,,
11/01/2017 4:19,11/01/2017 4:49,0.619,0.503,12.215,0.127,8.209,1.473,,3.801,0.063,,1.15,,,,,1.175,0.08,,0.187,0.178,0.19,0.377,0.138,0.089,,,0.066,0.073,0.139,0.162,0.202,,,,,0.066,,0.103,,,0.065,,,,,,,,,,,
11/01/2017 5:26,11/01/2017 5:56,0.673,0.445,7.086,0.134,4.593,0.844,,2.001,,,0.685,,,,,0.64,,,0.114,0.109,0.112,0.227,0.118,,,,,,0.08,0.087,0.167,,,,,,,0.076,,,,,,,,,,,,,,
11/01/2017 6:33,11/01/2017 7:03,0.143,0.156,6.713,,4.003,1.138,,2.756,,,1.328,,,,0.056,1.405,0.099,,0.35,0.302,0.322,0.794,0.173,0.255,,,0.185,0.188,0.408,0.467,0.315,,,0.1,0.091,0.16,,0.15,,,0.074,,,,,,,,,,,
11/01/2017 7:39,11/01/2017 8:09,0.107,0.151,1.148,,0.436,0.054,,0.138,,,0.07,,,,,0.073,,,,,,,,,,,,,,,,,,,,,,,,,,,,,,,,,,,,
11/01/2017 8:44,11/01/2017 9:14,0.091,0.081,1.188,,1.079,0.116,,0.184,,,0.075,,,,,0.057,,,,,,,,,,,,,,,0.146,,,,,,,,,,,,,,,,,,,,,
11/01/2017 9:44,11/01/2017 10:14,0.171,0.063,1.172,,0.358,,,0.129,,,0.052,,,,,,,,,,,,,,,,,,,,,,,,,,,,,,,,,,,,,,,,,
11/01/2017 10:44,11/01/2017 11:14,,0.067,7.707,,3.824,0.742,,1.709,,,0.742,,,,,0.737,,,0.176,0.13,0.156,0.399,0.08,0.058,,,0.079,0.095,0.216,0.295,0.159,,,0.066,0.062,0.102,,0.075,,,0.051,,,,,,,,,,,
11/01/2017 11:44,11/01/2017 12:14,,0.144,1.028,,0.311,,,0.163,,,0.08,,,,,0.06,,,,,,,,,,,,,,,,,,,,,,,,,,,,,,,,,,,,
11/01/2017 12:43,11/01/2017 13:13,,,3.108,,1.311,0.248,,0.599,,,0.271,,,,,0.276,,,0.066,0.068,0.082,0.182,,,,,,,0.106,0.141,0.089,,,,,0.05,,,,,,,,,,,,,,,,
11/01/2017 16:42,11/01/2017 17:12,0.104,0.072,1.031,,0.299,,,0.094,,,,,,,,0.05,,,,,,,,,,,,,,,,,,,,,,0.052,,,,,,,,,,,,,,
11/01/2017 17:43,11/01/2017 18:13,,0.079,0.994,,0.255,,,0.072,,,,,,,,,,,,,,,,,,,,,,,,,,,,,,,,,,,,,,,,,,,,
11/01/2017 18:45,11/01/2017 19:15,,,1.004,,0.272,,,0.081,,,,,,,,,,,,,,,,,,,,,,,,,,,,,,,,,,,,,,,,,,,,
11/01/2017 19:49,11/01/2017 20:19,,0.115,1.031,,0.334,,,0.09,,,,,,,,,,,,,,,,,,,,,,,,,,,,,,,,,,,,,,,,,,,,
11/01/2017 20:51,11/01/2017 21:21,,,0.968,,0.325,,,0.085,,,,,,,,,,,,,,,,,,,,,,,,,,,,,,,,,,,,,,,,,,,,
11/01/2017 21:54,11/01/2017 22:24,0.228,0.153,157.548,0.155,85.932,16.448,,39.568,0.806,,11.723,0.071,,,0.616,14.716,0.892,,2.52,1.954,2.333,6.184,0.917,1.836,0.256,0.206,1.1,1.043,2.585,2.837,1.48,,,0.568,0.312,0.92,0.065,0.692,,0.169,0.359,,,,,,,0.07,,0.121,,0.088
11/01/2017 22:56,11/01/2017 23:26,0.235,0.2,21.94,0.078,13.553,3.936,,9.456,0.167,,4.419,,,,0.188,4.397,0.358,,1.047,0.891,1.09,2.433,0.463,0.864,0.131,0.112,0.598,0.573,1.305,1.76,0.996,,,0.335,0.231,0.554,0.051,0.492,,0.094,0.254,,,,,,,0.057,,0.136,,0.187
11/02/2017 0:01,11/02/2017 0:31,0.264,0.311,15.756,0.059,9.561,1.724,,4.419,0.069,,1.248,,,,0.055,1.39,0.084,,0.213,0.162,0.191,0.453,0.115,0.071,,,0.066,0.074,0.155,0.157,0.126,,,,,0.052,,0.053,,,,,,,,,,,,,,
11/02/2017 1:09,11/02/2017 1:39,0.364,0.423,13.864,,9.517,1.698,,4.879,0.088,,1.743,,,,0.081,1.99,0.163,,0.475,0.348,0.531,1.126,0.232,0.381,,0.062,0.25,0.26,0.573,0.675,0.402,,,0.139,0.11,0.239,,0.203,,,0.123,,,,,,,,,,,
11/02/2017 2:15,11/02/2017 2:45,0.355,0.385,11.567,0.063,6.983,1.464,,4.082,0.071,,1.725,,,,0.091,2.226,0.175,,0.627,0.531,0.687,1.544,0.296,0.559,0.08,0.096,0.346,0.357,0.811,1.099,0.554,,,0.196,0.158,0.304,,0.242,,,0.135,,,,,,,,,,,
11/02/2017 3:22,11/02/2017 3:52,0.245,0.292,13.344,0.052,8.459,1.819,,5.605,0.103,,2.525,,,,0.14,3.404,0.25,,0.793,0.675,0.893,1.981,0.372,0.744,0.1,0.092,0.46,0.455,1.102,1.35,0.706,,,0.283,0.193,0.443,,0.351,,0.075,0.174,,,,,,,,,,,
11/02/2017 4:30,11/02/2017 5:00,0.456,0.483,12.176,0.079,6.683,1.405,,3.724,0.072,,1.452,,,,0.082,1.728,0.116,,0.34,0.294,0.363,0.827,0.2,0.3,,,0.151,0.164,0.387,0.455,0.329,,,0.094,0.073,0.155,,0.151,,0.051,0.072,,,,,,,,,,,
11/02/2017 5:40,11/02/2017 6:10,0.445,0.488,8.846,0.073,4.307,0.44,,1.745,,,0.536,,,,,0.573,,,0.097,0.095,0.093,0.218,0.097,0.07,,,,,0.082,0.081,0.08,,,,,,,,,,,,,,,,,,,,,
11/02/2017 6:49,11/02/2017 7:19,0.836,0.689,16.85,0.205,10.31,1.947,,4.918,0.1,,1.352,,,,0.065,1.484,0.091,,0.212,0.171,0.207,0.442,0.147,0.146,,,0.065,0.074,0.158,0.202,0.156,,,0.053,0.05,0.087,,0.129,,,0.102,,,,,,,,,0.075,,
11/02/2017 7:57,11/02/2017 8:27,0.913,0.778,21.474,0.196,15.205,2.749,,7.254,0.137,,1.862,,,,0.088,1.952,0.069,,0.277,0.244,0.294,0.687,0.163,0.061,,,0.06,0.084,0.161,0.159,0.186,,,,,0.067,,0.084,,,,,,,,,,,,,,
11/02/2017 8:57,11/02/2017 9:27,0.568,0.463,9.781,0.094,6.655,1.069,,3.088,,,0.915,,,,,0.847,0.057,,0.119,0.117,0.128,0.26,0.102,,,,,,0.084,0.093,0.106,,,,,,,,,,,,,,,,,,,,,
11/02/2017 9:57,11/02/2017 10:27,0.755,0.826,8.207,0.137,4.713,0.881,,2.222,,,0.791,,,,,0.741,,,0.104,0.099,0.097,0.207,0.11,,,,,,0.065,0.062,0.146,,,,,,,0.056,,,,,,,,,,,,,,
11/02/2017 10:56,11/02/2017 11:26,0.626,0.555,5.486,0.105,3.629,0.632,,1.562,,,0.586,,,,,0.5,,,0.071,0.08,0.063,0.16,0.095,,,,,,0.057,,0.13,,,,,,,0.05,,,,,,,,,,,,,,
11/02/2017 11:56,11/02/2017 12:26,0.516,0.417,11.764,0.065,7.164,1.245,,3.039,,,0.9,,,,,0.83,0.053,,0.122,0.118,0.122,0.267,0.09,,,,,0.058,0.087,0.087,0.099,,,,,,,,,,,,,,,,,,,,,
11/02/2017 12:56,11/02/2017 13:26,0.683,0.522,10.204,0.099,6.816,1.184,,3.272,,,0.928,,,,,0.893,0.064,,0.135,0.118,0.137,0.285,0.103,,,,,0.05,0.089,0.097,0.102,,,,,,,,,,,,,,,,,,,,,
11/02/2017 13:55,11/02/2017 14:25,0.403,0.302,11.48,,6.1,1.099,,2.993,,,0.952,,,,,1.069,0.086,,0.235,0.203,0.246,0.61,0.14,0.074,,,0.105,0.144,0.344,0.355,0.218,,,0.091,0.055,0.141,,0.089,,,0.055,,,,,,,,,,,
11/02/2017 14:55,11/02/2017 15:25,0.353,0.315,4.791,,3.374,0.606,,1.581,,,0.489,,,,,0.473,,,0.079,0.077,0.094,0.209,0.075,,,,,0.056,0.127,0.139,0.107,,,,,0.066,,,,,,,,,,,,,,,,
11/02/2017 15:55,11/02/2017 16:25,0.215,0.139,7.152,,4.459,0.782,,2.037,,,0.686,,,,,0.737,0.069,,0.192,0.178,0.271,0.552,0.145,0.14,,,0.165,0.179,0.461,0.545,0.324,,,0.137,0.097,0.245,,0.172,,,0.136,,,,,,,,,,,
11/02/2017 20:53,11/02/2017 21:23,0.659,0.733,42.741,0.151,22.973,3.581,,7.576,0.141,,2.371,,,,0.101,2.271,0.161,,0.406,0.355,0.429,1.036,0.204,0.208,,0.06,0.158,0.196,0.474,0.549,0.457,,,0.142,0.115,0.252,,0.274,,0.062,0.146,,,,,,,,,0.074,,
11/02/2017 21:53,11/02/2017 22:23,0.986,0.793,30.236,0.208,15.834,3.198,,6.397,0.116,,2.562,,,,0.107,2.193,0.209,,0.381,0.358,0.413,0.963,0.211,0.213,,0.058,0.2,0.203,0.417,0.501,0.473,0.058,,0.126,0.069,0.234,,0.277,,0.084,0.145,,,,,,,,,0.104,0.076,0.084
11/02/2017 22:53,11/02/2017 23:23,0.936,1.011,25.617,0.169,12.232,2.291,,4.959,0.098,,1.979,,,,0.103,1.66,0.115,,0.383,0.318,0.341,0.801,0.197,0.151,0.117,0.141,0.135,0.171,0.333,0.385,0.393,0.443,0.13,0.097,0.082,0.145,,0.195,,0.058,0.077,,,,,,,,,,0.056,
11/02/2017 23:52,11/03/2017 0:22,0.799,0.624,21.931,,12.748,2.519,,5.377,0.097,,1.72,,,,0.076,1.663,0.1,,0.299,0.251,0.155,0.659,0.173,,,,0.11,0.122,0.238,0.271,0.275,0.077,,0.062,0.054,0.096,,0.126,,,0.051,,,,,,,,,,,
11/03/2017 0:52,11/03/2017 1:22,0.528,0.486,16.474,0.067,10.358,2.266,,4.994,0.077,,1.568,,,,0.066,1.573,0.097,,0.294,0.246,0.278,0.629,0.143,0.091,,,0.115,0.124,0.272,0.325,0.211,,,0.079,0.061,0.124,,0.112,,,0.057,,,,,,,,,,,
11/03/2017 1:52,11/03/2017 2:22,0.452,0.362,16.324,0.061,10.252,2.504,,5.932,0.103,,2.255,,,,0.096,2.284,0.148,,0.495,0.353,0.477,1.113,0.221,0.268,,0.059,0.233,0.23,0.513,0.69,0.387,,,0.142,0.105,0.243,,0.207,,,0.134,,,,,,,,,,,
11/03/2017 2:51,11/03/2017 3:21,0.54,0.4,16.28,0.064,10.169,2.316,,6.009,0.103,,2.628,,,,0.141,3.247,0.277,,0.92,0.778,1.156,2.458,0.414,1.091,0.138,0.217,0.784,0.823,2.339,3.01,1.71,,0.064,0.957,0.753,2.046,0.177,2.035,,0.492,1.441,,0.215,0.077,0.203,0.127,,0.348,,0.649,,0.241
11/03/2017 3:51,11/03/2017 4:21,0.529,0.454,7.715,0.058,4.103,0.813,,1.777,,,0.669,,,,,0.577,,,0.103,0.101,0.107,0.238,0.095,,,,,0.052,0.089,0.092,0.166,,,,,,,0.077,,,,,,,,,,,,,,
11/03/2017 4:51,11/03/2017 5:21,0.73,0.699,7.434,0.088,4.068,0.911,,2.104,,,0.771,,,,,0.638,,,0.117,0.109,0.113,0.25,0.113,,,,,0.054,0.087,0.075,0.21,,,,,,,0.084,,,,,,,,,,,,,,
11/03/2017 5:50,11/03/2017 6:20,0.974,0.905,8.431,0.172,3.725,0.761,,2.095,,,0.832,,,,,0.623,,,0.137,0.124,0.13,0.256,0.147,,,,,0.075,0.099,0.09,0.305,,,,,,,0.131,,0.055,,,,,,,,,,,,
11/03/2017 6:50,11/03/2017 7:20,1.288,1.175,9.078,0.283,4.305,1.146,0.062,2.82,0.097,,1.168,0.065,,,0.098,0.923,0.056,,0.178,0.179,0.162,0.34,0.187,,,0.051,0.073,0.097,0.117,0.101,0.427,0.057,,,,0.05,0.055,0.191,,0.066,,,,,,,,,,,0.056,
11/03/2017 7:50,11/03/2017 8:20,2.338,1.799,13.751,0.438,6.196,1.237,0.086,2.757,0.086,,1.244,0.065,,,0.107,0.869,0.069,,0.224,0.159,0.181,0.371,0.249,,,0.067,0.117,0.117,0.141,0.111,0.599,0.078,,0.058,,0.054,0.075,0.271,,0.082,0.053,,,,,,,0.07,,,0.06,
11/03/2017 8:49,11/03/2017 9:19,2.241,1.636,242.575,0.487,92.633,17.682,0.077,35.157,0.772,,12.123,0.124,,,0.569,11.632,0.728,0.087,2.321,1.802,1.916,4.787,0.979,1.404,0.253,0.189,0.761,0.916,1.858,1.902,1.634,0.072,0.055,0.417,0.346,0.66,0.119,0.69,,0.202,0.288,,0.085,,,,,0.103,,0.108,0.057,0.06
11/03/2017 10:50,11/03/2017 11:20,1.664,1.135,49.325,0.351,26.318,6.157,0.072,14.25,0.312,,5.201,0.078,,,0.264,5.572,0.633,,1.059,0.868,1.093,2.509,0.59,0.818,0.122,0.16,0.523,0.577,1.335,1.488,1.454,0.096,,0.372,0.311,0.685,0.145,0.751,,0.231,0.436,,0.103,,0.07,,,0.136,,0.279,0.096,0.213
11/03/2017 11:50,11/03/2017 12:20,1.546,1.241,21.043,0.264,10.381,2.441,,5.929,0.121,,2.259,,,,0.098,1.871,0.135,,0.347,0.297,0.271,0.654,0.252,0.087,,0.05,0.113,0.151,0.248,0.256,0.497,0.061,,0.074,0.063,0.102,0.058,0.195,,0.079,0.083,,,,,,,,,,,
11/03/2017 12:49,11/03/2017 13:19,1.514,1.27,52.159,0.293,28.122,6.668,0.052,15.829,0.296,,5.969,0.067,,,0.277,5.931,0.445,,1.198,0.95,1.145,2.637,0.601,0.838,0.124,0.126,0.596,0.603,1.339,1.52,1.315,0.059,0.052,0.368,0.298,0.67,0.118,0.698,,0.205,0.411,,0.092,,0.051,,,0.115,,0.225,,0.153
11/03/2017 13:49,11/03/2017 14:19,1.132,0.938,97.213,0.257,58.389,13.456,,31.994,0.627,,11.627,0.099,,,0.543,12.07,0.872,,2.48,1.991,2.467,5.714,1.111,2.04,0.235,0.492,1.297,1.357,3.179,3.581,2.553,,0.073,0.923,0.698,1.714,0.2,1.567,,0.475,1.037,,0.178,0.071,0.128,0.079,,0.273,0.062,0.61,0.07,0.436
11/03/2017 14:49,11/03/2017 15:19,0.959,0.592,58.353,0.148,32.58,6.757,,16.047,0.308,,5.515,,,,0.256,5.712,0.403,,1.127,0.886,1.087,2.584,0.549,0.794,0.107,0.24,0.53,0.54,1.295,1.446,1.097,,,0.392,0.279,0.721,0.088,0.696,,0.207,0.463,,0.078,,0.053,,,0.114,,0.273,,0.221
11/03/2017 15:49,11/03/2017 16:19,0.982,0.664,122.269,0.206,65.431,14.154,,32.838,0.65,,11.502,0.081,,,0.549,12.274,0.869,,2.579,2.007,2.605,6.148,1.258,2.258,0.302,0.279,1.434,1.446,3.721,4.091,2.831,,0.08,1.115,0.514,2.163,0.225,1.999,,0.595,1.428,0.052,0.241,0.097,0.182,0.114,0.058,0.397,0.082,0.844,0.056,0.581
11/03/2017 16:48,11/03/2017 17:18,0.969,0.657,27.062,0.232,16.134,3.317,,7.39,0.131,,2.832,,,,0.138,2.539,0.209,,0.422,0.359,0.347,0.903,0.242,0.139,,0.052,0.168,0.173,0.307,0.297,0.374,0.05,,0.08,0.065,0.122,,0.169,,,0.095,,,,,,,,,0.061,,
11/03/2017 17:48,11/03/2017 18:18,1.22,0.789,104.883,0.346,52.743,11.867,0.057,26.957,0.55,,10.295,0.094,,,0.524,11.005,0.964,,2.2,1.804,2.311,5.643,1.213,2.091,0.267,0.25,1.081,1.314,3.473,3.828,3.006,,0.087,1.115,0.81,2.14,0.265,2.116,,0.64,1.494,,0.291,0.108,0.225,0.138,0.084,0.468,0.112,0.999,0.33,0.687
11/03/2017 18:48,11/03/2017 19:18,1.422,0.924,89.626,0.339,50.957,11.511,0.065,27.223,0.576,,10.071,0.104,,,0.521,10.8,0.712,,2.246,1.839,2.258,5.467,1.091,1.606,0.257,0.291,1.215,1.196,2.969,3.344,2.446,,0.085,0.877,0.383,1.667,0.196,1.637,,0.479,1.089,,0.205,0.075,0.158,0.098,,0.328,0.067,0.692,0.112,0.464
11/03/2017 19:47,11/03/2017 20:17,1.686,1.099,102.273,0.352,61.559,14.322,0.107,32.759,0.683,,11.936,0.128,0.051,,0.589,12.382,0.903,,2.476,2.027,2.421,5.954,1.15,2.024,0.253,0.309,1.305,1.292,3.1,3.528,2.631,0.062,0.088,0.906,0.674,1.699,0.211,1.656,,0.48,1.067,,0.204,0.07,0.153,0.095,,0.332,0.066,0.659,0.141,0.462
11/03/2017 20:47,11/03/2017 21:17,2.316,1.343,136.952,0.538,86.871,18.082,0.062,41.966,0.897,,15.536,0.158,0.072,,0.809,16.598,1.25,,3.304,2.798,3.413,8.42,1.661,2.998,0.387,0.386,1.941,1.956,4.696,5.287,3.812,0.065,0.127,1.378,1.053,2.552,0.315,2.498,,0.734,1.585,,0.298,0.109,0.243,0.152,0.084,0.467,0.103,0.983,0.147,0.658
11/03/2017 21:47,11/03/2017 22:17,2.107,1.422,136.645,0.437,77.159,16.105,0.081,37.725,0.806,,13.426,0.134,0.065,,0.703,14.576,1.053,,3.175,2.536,3.208,7.816,1.553,2.807,0.375,0.349,1.802,1.768,4.458,4.309,3.672,0.067,0.114,1.317,1.007,2.499,0.304,2.337,,0.695,1.531,,0.282,0.107,0.208,0.129,0.066,0.442,0.097,0.901,0.115,0.565
11/03/2017 22:46,11/03/2017 23:16,2.095,1.501,83.19,0.336,46.689,8.687,0.062,20.68,0.426,,7.052,0.083,,,0.4,7.642,0.532,,1.591,1.265,1.559,3.885,0.844,1.288,0.159,0.166,0.867,0.869,2.095,2.169,1.916,0.076,0.062,0.63,0.255,1.169,0.167,1.246,,0.377,0.759,,0.155,0.059,0.083,0.051,,0.227,,0.446,0.075,0.314
11/03/2017 23:46,11/04/2017 0:16,1.75,1.103,85.769,0.339,48.085,10.557,0.069,25.396,0.535,,9.235,0.089,,,0.492,10.083,0.701,,2.099,1.676,2.048,5.063,1.012,1.693,0.269,0.293,0.924,1.08,2.708,2.844,2.25,0.179,0.072,0.77,0.545,1.392,0.182,1.368,,0.376,0.793,,0.157,0.057,0.132,0.082,,0.226,,0.441,0.079,0.256
11/04/2017 0:46,11/04/2017 1:16,1.949,1.387,59.501,0.383,33.618,7.453,0.076,18.626,0.428,,6.765,0.102,,,0.388,7.401,0.506,,1.5,1.219,1.43,3.495,0.755,1.09,0.187,0.191,0.744,0.759,1.709,1.823,1.647,0.168,0.072,0.461,0.372,0.848,0.155,0.902,,0.285,0.496,,0.117,,0.072,,,0.161,,0.266,0.084,0.166
11/04/2017 1:45,11/04/2017 2:15,2.06,1.455,47.431,0.387,24.945,5.056,0.079,12.329,0.299,,4.514,0.089,,,0.227,4.524,0.312,,0.93,0.761,0.9,2.086,0.548,0.637,0.108,0.141,0.473,0.499,1.048,1.084,1.302,0.109,,0.311,0.131,0.53,0.122,0.699,,0.22,0.326,,0.103,,0.072,,,0.136,,0.178,0.078,0.105
11/04/2017 2:45,11/04/2017 3:15,2.331,2.454,112.123,0.459,68.12,12.641,0.086,31.084,0.692,,10.639,0.139,0.067,0.068,0.675,13.57,0.981,,2.968,2.444,3.084,7.431,1.495,2.724,0.394,0.349,1.786,1.81,4.415,4.813,3.685,0.112,0.146,1.311,1.013,2.436,0.317,2.434,,0.7,1.478,,0.284,0.107,0.212,0.132,0.079,0.424,0.096,0.83,0.142,0.469
11/04/2017 3:45,11/04/2017 4:15,1.788,1.244,18.925,0.295,9.481,1.987,0.058,4.658,0.118,,1.821,0.069,,,0.13,1.44,0.099,,0.304,0.284,0.23,0.567,0.237,0.054,,0.052,0.13,0.14,0.193,0.166,0.603,0.084,,0.056,0.054,0.076,0.071,0.265,,0.076,0.054,,0.052,,,,,0.056,,,0.067,
11/04/2017 4:45,11/04/2017 5:15,0.617,0.643,6.976,0.085,4.93,0.489,,1.044,,,0.495,,,,,0.346,,,0.078,0.078,0.069,0.138,0.082,,,,,,0.053,,0.191,,,,,,,0.109,,,,,,,,,,,,,0.056,
11/04/2017 5:44,11/04/2017 6:14,0.79,0.67,4.9,0.112,5.761,0.28,,0.569,,,0.301,,,,,0.216,,,,0.054,,0.089,0.073,,,,,,,,0.153,,,,,,,0.076,,,,,,,,,,,,,,
11/04/2017 6:44,11/04/2017 7:14,1.024,0.559,10.527,0.205,9.938,1.559,,3.942,0.078,,1.584,,,,0.107,1.808,0.13,,0.413,0.358,0.435,0.989,0.247,0.253,0.052,,0.227,0.241,0.544,0.635,0.578,,,0.171,0.092,0.293,0.057,0.379,,0.09,0.171,,,,,,,0.063,,0.077,,
11/04/2017 7:44,11/04/2017 8:14,0.721,0.616,4.747,0.146,3.349,0.428,,0.952,,,0.486,,,,,0.343,,,0.095,0.095,0.088,0.201,0.111,,,,0.05,,0.089,0.092,0.268,0.057,,,,,,0.14,,0.053,,,,,,,,,,,,
11/04/2017 8:44,11/04/2017 9:14,0.059,,0.922,,0.178,,,0.107,,,0.079,,,,,,,,,,,,,,,,,,,,,,,,,,,,,,,,,,,,,,,,,
11/04/2017 9:43,11/04/2017 10:13,0.071,0.068,0.633,,0.14,,,0.053,,,,,,,,,,,,,,,,,,,,,,,,,,,,,,,,,,,,,,,,,,,,
11/04/2017 13:42,11/04/2017 14:12,,,0.4,,0.084,,,,,,,,,,,,,,,,,,,,,,,,,,,,,,,,,,,,,,,,,,,,,,,
11/04/2017 14:42,11/04/2017 15:12,,0.112,0.359,,0.1,,,,,,,,,,,,,,,,,,,,,,,,,,,,,,,,,,,,,,,,,,,,,,,
11/04/2017 15:42,11/04/2017 16:12,0.075,,0.739,,0.479,0.169,,0.658,,,0.434,,,,,0.547,,,0.145,0.134,0.16,0.389,0.065,,,,0.082,0.082,0.215,0.261,0.145,,,0.071,0.052,0.121,,0.111,,,0.091,,,,,,,,,,,
11/04/2017 16:41,11/04/2017 17:11,0.081,0.098,16.423,,7.262,1.583,,3.695,0.054,,1.608,,,,0.061,1.537,0.121,,0.368,0.289,0.422,0.871,0.281,0.193,,,0.235,0.242,0.539,0.719,0.529,,,0.159,0.13,0.305,,0.315,,0.087,0.185,,,,,,,,,0.09,,0.087
11/04/2017 17:59,11/04/2017 18:29,0.852,0.522,5.239,0.179,3.116,0.608,,1.279,,,0.651,,,,,0.462,,,0.121,0.116,0.12,0.234,0.138,,,,0.068,0.07,0.117,0.132,0.28,,,,,0.06,,0.139,,,,,,,,,,,,,,
11/04/2017 18:58,11/04/2017 19:28,0.37,0.135,1.525,0.079,0.565,0.167,,0.386,,,0.227,,,,,0.132,,,,,,0.078,0.052,,,,,,,,0.132,,,,,,,0.063,,,,,,,,,,,,,,
11/04/2017 19:58,11/04/2017 20:28,0.362,0.121,1.083,,0.432,0.101,,0.332,,,0.177,,,,,0.1,,,,,,,,,,,,,,,0.083,,,,,,,,,,,,,,,,,,,,,
11/04/2017 20:58,11/04/2017 21:28,0.494,0.265,6.956,0.068,3.572,0.827,,2.019,,,0.878,,,,,0.903,0.063,,0.205,0.141,0.216,0.481,0.113,,,,0.102,0.112,0.248,0.299,0.275,,,0.076,0.056,0.131,,0.157,,,0.08,,,,,,,,,,,
11/04/2017 21:58,11/04/2017 22:28,0.182,0.301,8.155,,5.357,0.9,,2.282,,,0.72,,,,,0.697,,,0.11,0.094,0.121,0.243,0.07,,,,,,0.09,0.097,0.058,,,,,,,,,,,,,,,,,,,,,
11/04/2017 22:57,11/04/2017 23:27,0.272,0.339,10.037,,6.929,1.074,,2.837,,,0.888,,,,,0.939,0.071,,0.165,0.152,0.198,0.401,0.103,,,,0.077,0.084,0.203,0.258,0.162,,,0.054,0.05,0.107,,0.095,,,0.086,,,,,,,,,,,
11/04/2017 23:57,11/05/2017 0:27,0.207,0.132,6.055,,4.407,0.624,,1.577,,,0.445,,,,,0.431,,,0.06,0.062,0.062,0.128,0.052,,,,,,,,0.05,,,,,,,,,,,,,,,,,,,,,
11/05/2017 0:57,11/05/2017 1:27,0.217,0.245,9.477,,5.37,0.631,,1.655,,,0.571,,,,,0.544,,,0.11,0.1,0.132,0.258,0.089,,,,0.063,0.071,0.159,0.207,0.145,,,0.056,,0.094,,0.094,,,0.06,,,,,,,,,,,
11/05/2017 1:56,11/05/2017 2:26,0.489,0.789,12.777,,17.315,1.069,,2.138,,,0.801,,,,,0.723,,,0.151,0.117,0.166,0.343,0.101,,,,0.099,0.096,0.196,0.258,0.234,,,0.051,0.053,0.11,,0.137,,,0.079,,,,,,,,,,,
11/05/2017 2:56,11/05/2017 3:26,0.514,0.462,8.209,,5.348,0.574,,1.334,,,0.539,,,,,0.417,,,0.091,0.089,0.08,0.217,0.065,,,,,,0.065,0.07,0.119,0.148,,,,,,0.076,,,,,,,,,,,,,,
11/05/2017 3:56,11/05/2017 4:26,0.332,0.317,11.203,0.061,11.716,1.043,,2.297,,,0.942,,,,0.054,0.955,0.07,,0.221,0.2,0.245,0.539,0.152,0.097,,,0.135,0.129,0.304,0.345,0.363,0.066,,0.105,0.079,0.179,,0.214,,0.06,0.116,,,,,,,,,,,
11/05/2017 4:56,11/05/2017 5:26,0.415,0.419,8.76,,4.758,0.737,,1.669,,,0.624,,,,,0.594,,,0.116,0.108,0.122,0.263,0.091,,,,0.064,0.063,0.144,0.162,0.179,,,,,0.086,,0.091,,,0.059,,,,,,,,,,,
11/05/2017 5:55,11/05/2017 6:25,0.575,0.61,33.599,0.082,18.294,3.371,,7.954,0.131,,2.592,,,,0.12,2.74,0.197,,0.542,0.444,0.57,1.33,0.277,0.278,,0.073,0.25,0.26,0.6,0.677,0.526,,,0.164,0.124,0.291,,0.269,,0.072,0.151,,,,,,,,,0.059,,
11/05/2017 6:55,11/05/2017 7:25,1.193,0.623,147.146,0.318,69.443,13.016,,32.636,0.642,,11.216,0.07,,,0.597,13.647,1.082,,2.967,2.113,3.41,8.159,2.129,2.786,0.37,0.347,1.998,2.049,5.493,5.887,4.901,,0.131,1.775,1.278,3.402,0.381,3.358,,1.009,2.179,0.064,0.371,0.143,0.275,0.172,0.102,0.581,0.129,1.153,0.093,0.663
11/05/2017 7:54,11/05/2017 8:24,0.684,0.41,12.9,,6.723,1.008,,2.482,,,0.612,,,,,0.711,,,0.112,0.105,0.101,0.223,0.077,,,,,,0.075,0.1,0.067,,,,,,,,,,0.068,,,,,,,,,,,
11/05/2017 8:54,11/05/2017 9:24,0.503,0.622,17.563,0.062,14.24,2.398,,6.354,0.105,,1.548,,,,0.073,1.557,0.106,,0.208,0.145,0.206,0.413,0.114,,,,,,0.113,0.126,0.095,,,,,,,,,,,,,,,,,,,,,
11/05/2017 9:54,11/05/2017 10:24,0.568,0.44,18.539,0.06,11.621,2.078,,5.517,0.091,,1.758,,,,0.085,1.906,0.146,,0.377,0.329,0.425,0.916,0.24,0.246,,0.058,0.203,0.208,0.529,0.647,0.427,,,0.156,0.119,0.283,,0.257,,0.062,0.167,,,,,,,,,0.068,,
11/05/2017 10:53,11/05/2017 11:23,0.319,0.291,16.259,,11.818,2.063,,5.197,0.078,,1.338,,,,0.059,1.368,0.083,,0.178,0.128,0.163,0.368,0.091,,,,,0.052,0.108,0.124,0.082,,,,,,,,,,,,,,,,,,,,,
11/05/2017 11:53,11/05/2017 12:23,0.471,0.24,14.291,,9.603,1.807,,4.306,0.065,,1.39,,,,0.061,1.411,0.093,,0.24,0.211,0.227,0.502,0.13,,,,0.07,0.095,0.201,0.23,0.147,,,0.05,,0.084,,0.057,,,0.057,,,,,,,,,,,
11/05/2017 12:53,11/05/2017 13:23,0.585,0.477,17.046,,9.886,1.729,,4.398,0.059,,1.461,,,,0.069,1.546,0.101,,0.266,0.185,0.257,0.592,0.136,,,,0.086,0.084,0.208,0.228,0.201,,,,,0.072,,,,,,,,,,,,,,,,
11/05/2017 16:52,11/05/2017 17:22,0.286,0.264,25.685,0.051,14.993,2.791,,6.67,0.11,,1.948,,,,0.091,2.034,0.116,,0.328,0.257,0.272,0.684,0.138,0.057,,,0.09,0.102,0.214,0.227,0.158,,,,,0.079,,,,,,,,,,,,,,,,
11/05/2017 17:52,11/05/2017 18:22,0.77,0.506,44.018,0.15,28.68,6.383,,15.488,0.298,,4.953,,,,0.232,4.952,0.352,,0.971,0.775,0.95,2.269,0.471,0.688,0.086,0.098,0.371,0.498,1.202,1.444,0.92,,,0.328,0.249,0.617,0.057,0.571,,0.147,0.343,,0.055,,,,,0.076,,0.173,,0.26
11/05/2017 18:52,11/05/2017 19:22,0.978,0.58,43.398,0.272,28.639,7.203,,16.083,0.316,,5.909,0.053,,,0.269,5.887,0.472,,1.018,0.846,1.003,2.42,0.522,0.61,0.104,0.103,0.451,0.518,1.173,1.292,0.93,,,0.318,0.22,0.564,0.062,0.515,,0.132,0.3,,,,,,,0.071,,0.147,0.153,0.109
11/05/2017 19:51,11/05/2017 20:21,0.982,0.566,80.687,0.233,37.57,6.837,,15.213,0.295,,4.522,,,,0.218,4.599,0.314,,0.802,0.627,0.765,1.81,0.372,0.473,0.052,0.093,0.317,0.324,0.76,0.844,0.679,0.081,,0.201,0.098,0.349,,0.32,,0.067,0.189,,,,,,,,,0.078,0.078,
11/05/2017 20:51,11/05/2017 21:21,1.314,0.977,46.631,0.283,27.078,5.202,,12.479,0.24,,3.827,,,,0.183,3.861,0.263,,0.67,0.485,0.553,1.423,0.334,0.345,0.079,0.087,0.26,0.268,0.559,0.643,0.709,0.165,0.102,0.142,0.113,0.241,0.051,0.281,,0.085,0.139,,,,,,,,,0.053,0.068,
11/05/2017 21:51,11/05/2017 22:21,1.116,0.765,44.416,0.247,26.12,5.232,,12.76,0.255,,4.358,,,,0.246,4.599,0.345,0.059,0.927,0.724,0.888,1.99,0.447,0.486,0.18,0.2,0.352,0.433,0.942,1.034,0.935,0.433,0.068,0.261,0.186,0.405,0.069,0.426,,0.118,0.214,,0.05,,,,,0.061,,0.104,0.068,
11/05/2017 22:50,11/05/2017 23:20,0.947,1.112,89.459,0.26,75.095,16.174,,39.68,0.789,,12.137,0.084,,,0.57,12.936,0.791,,2.113,1.343,1.878,4.541,0.92,1.356,0.192,0.171,0.834,0.818,1.912,2.092,1.574,,,0.486,0.36,0.825,0.093,0.773,,0.213,0.412,,0.065,,,,,0.106,,0.17,0.066,0.085
11/05/2017 23:50,11/06/2017 0:20,1.195,1.129,36.139,0.222,25.031,6.021,,16.998,0.344,,7.141,0.057,,,0.413,9.1,0.702,,1.89,1.56,2.001,4.984,0.721,1.502,0.233,0.186,0.948,0.972,2.235,2.286,1.366,,,0.494,0.349,0.792,0.094,0.656,,0.164,0.349,,0.056,,,,,0.084,,0.193,0.062,0.072
11/06/2017 0:50,11/06/2017 1:20,0.943,0.72,34.838,0.196,22.649,4.445,,12.194,0.244,,4.446,,,,0.257,5.458,0.479,,1.112,0.965,1.163,2.895,0.49,0.872,0.121,0.155,0.546,0.556,1.299,1.336,0.834,,,0.291,0.222,0.449,0.061,0.333,,0.085,0.168,,,,,,,,,0.057,0.064,
11/06/2017 1:50,11/06/2017 2:20,0.889,0.792,234.018,0.282,139.427,28.269,,66.837,1.342,,22.577,0.123,0.054,,1.144,26.465,1.818,,3.619,3.446,4.703,11.847,1.522,3.199,0.498,0.622,2.07,2.095,4.639,5.009,2.42,,0.087,0.939,0.688,1.43,0.134,0.972,,0.243,0.467,,0.067,,0.054,,,0.093,,0.163,,0.067
11/06/2017 2:49,11/06/2017 3:19,0.916,0.7,65.421,0.21,38.465,8.207,,23.154,0.456,,8.771,0.067,,,0.546,12.467,1.014,,2.616,2.257,2.945,7.06,1.069,2.302,0.352,0.329,1.345,1.387,3.257,3.476,1.915,0.228,0.09,0.728,0.548,1.164,0.122,0.844,,0.226,0.441,,0.065,,,,,0.096,,0.154,0.065,0.076
11/06/2017 3:49,11/06/2017 4:19,0.78,0.415,28.615,0.112,20.001,3.754,,10.361,0.189,,3.403,,,,0.185,3.982,0.334,,0.766,0.526,0.853,1.84,0.343,0.492,0.084,0.088,0.266,0.353,0.812,0.87,0.554,0.085,,0.186,0.154,0.304,,0.208,,0.055,0.14,,,,,,,,,,,
11/06/2017 4:49,11/06/2017 5:19,0.47,0.31,41.761,0.101,21.769,3.638,,9.514,0.167,,2.979,,,,0.147,3.432,0.272,,0.61,0.518,0.698,1.554,0.256,0.408,0.059,0.069,0.24,0.282,0.678,0.764,0.435,,,0.17,0.123,0.279,,0.178,,,0.132,,,,,,,,,,,
11/06/2017 5:49,11/06/2017 6:19,0.374,0.332,22.163,0.065,14.197,2.248,,6.334,0.105,,1.535,,,,0.086,1.934,0.151,,0.285,0.233,0.325,0.659,0.135,0.065,,,0.089,0.092,0.22,0.228,0.148,,,,,0.073,,0.061,,,,,,,,,,,,,,
11/06/2017 6:48,11/06/2017 7:18,0.357,0.364,20.61,0.074,13.477,2.15,,5.992,0.097,,1.708,,,,0.085,1.955,0.16,,0.317,0.261,0.376,0.74,0.148,0.072,,,0.089,0.125,0.294,0.323,0.175,,,0.071,0.056,0.12,,0.064,,,0.067,,,,,,,,,,,
11/06/2017 7:48,11/06/2017 8:18,0.281,0.137,16.487,,10.783,1.93,,5.191,0.082,,1.544,,,,0.072,1.72,0.12,,0.276,0.234,0.273,0.635,0.129,,,,0.083,0.102,0.238,0.243,0.143,,,0.055,,0.088,,0.055,,,,,,,,,,,,,,
11/06/2017 8:47,11/06/2017 9:17,0.239,0.254,8.97,,5.643,0.938,,2.427,,,0.684,,,,,0.743,,,0.108,0.1,0.1,0.245,0.068,,,,,,0.078,0.081,0.063,,,,,,,,,,,,,,,,,,,,,
11/06/2017 9:47,11/06/2017 10:17,0.247,0.28,9.097,,5.836,0.969,,2.736,,,0.869,,,,,1.036,0.073,,0.191,0.166,0.212,0.481,0.102,,,,0.079,0.091,0.219,0.229,0.15,,,0.063,,0.095,,0.069,,,,,,,,,,,,,,
11/06/2017 10:47,11/06/2017 11:17,0.309,0.234,7.317,,4.871,0.772,,2.316,,,0.802,,,,,0.795,0.075,,0.213,0.176,0.242,0.565,0.112,0.067,,,0.107,0.111,0.283,0.299,0.19,,,0.078,,0.12,,0.082,,,0.057,,,,,,,,,,,
11/06/2017 11:47,11/06/2017 12:17,0.361,0.258,12.398,,7.84,1.494,,3.95,0.058,,1.351,,,,0.065,1.567,0.102,,0.257,0.23,0.247,0.649,0.148,0.062,,,0.117,0.12,0.283,0.308,0.226,,,0.072,0.057,0.13,,0.1,,,0.081,,,,,,,,,,,
11/06/2017 12:46,11/06/2017 13:16,0.237,0.326,14.471,,7.014,1.176,,2.899,,,0.869,,,,,0.932,0.053,,0.138,0.128,0.126,0.286,0.078,,,,,0.05,0.107,0.103,0.067,,,,,,,,,,,,,,,,,,,,,
11/06/2017 13:46,11/06/2017 14:16,0.385,0.316,13.728,,8.073,1.37,,3.469,0.052,,0.959,,,,,0.934,0.058,,0.137,0.111,0.121,0.293,0.085,,,,,0.053,0.098,0.104,0.087,,,,,,,,,,,,,,,,,,,,,
11/06/2017 14:46,11/06/2017 15:16,0.421,0.445,16.661,,10.43,1.856,,4.86,0.111,,1.552,,,,0.11,1.425,0.098,,0.274,0.222,0.244,0.498,0.119,,,,0.103,0.115,0.163,0.149,0.224,,,,,0.054,,0.107,,,,,,,,,,,,,,
11/06/2017 15:46,11/06/2017 16:16,0.478,0.482,10.448,0.08,6.616,1.248,,3.031,,,0.945,,,,,0.941,0.058,,0.144,0.136,0.15,0.314,0.106,,,,0.055,0.062,0.103,0.093,0.19,,,,,,,0.07,,,,,,,,,,,,,,
11/06/2017 16:45,11/06/2017 17:15,0.892,0.695,8.432,0.171,4.883,1.109,,2.612,0.069,,1.099,,,,0.083,0.808,0.052,,0.17,0.163,0.143,0.33,0.147,,,,0.071,0.082,0.109,0.085,0.387,,,,,,,0.125,,,,,,,,,,,,,,
11/06/2017 17:45,11/06/2017 18:15,1.55,0.943,8.956,0.293,4.501,0.976,0.054,2.246,0.053,,0.942,,,,0.077,0.72,,,0.161,0.157,0.161,0.348,0.239,,,,0.095,0.098,0.123,0.097,0.487,0.067,,,,,,0.147,,0.054,,,,,,,,,,,,
11/06/2017 18:45,11/06/2017 19:15,1.204,0.794,42.268,0.294,22.185,4.739,0.062,11.39,0.244,,4.736,0.061,,,0.248,5.022,0.386,,1.338,1.15,1.537,3.503,0.626,1.045,0.196,0.18,0.739,0.873,1.989,2.552,1.619,,0.052,0.503,0.451,0.902,0.105,0.876,,0.203,0.397,,0.083,,0.057,,,0.114,,0.152,,0.079
11/06/2017 19:44,11/06/2017 20:14,0.872,0.647,65.014,0.214,39.205,8.819,,21.91,0.425,,7.359,0.055,,,0.361,8.166,0.528,,1.496,1.19,1.275,3.508,0.715,0.948,0.166,0.179,0.72,0.731,1.7,1.991,1.386,,,0.46,0.347,0.881,0.091,0.894,,0.23,0.55,,0.09,,0.08,,,0.147,,0.314,0.073,0.272
11/06/2017 20:44,11/06/2017 21:14,0.837,0.556,141.996,0.256,75.86,17.251,,40.377,0.816,,14.724,0.095,,,0.667,15.121,0.979,,3.276,2.671,3.431,7.64,1.395,2.509,0.384,0.359,1.687,1.836,4.504,6.15,3.365,,0.088,1.331,1.142,2.542,0.226,2.465,,0.565,1.508,,0.22,0.074,0.169,0.105,,0.373,,0.799,0.051,0.676
11/06/2017 21:44,11/06/2017 22:14,0.407,0.286,125.616,0.161,65.015,14.581,,33.55,0.645,,12.225,0.062,,,0.56,12.646,0.899,,2.732,2.219,2.857,6.474,1.137,2.078,0.319,0.254,1.555,1.527,3.736,5.064,2.73,,0.072,1.044,0.905,2.004,0.174,1.853,,0.422,1.096,,0.171,0.063,0.139,0.086,0.057,0.275,,0.552,0.06,0.423
11/06/2017 22:44,11/06/2017 23:14,0.292,0.184,76.341,0.095,44.187,10.323,,24.071,0.464,,9.015,,,,0.407,9.332,0.667,,2.02,1.642,2.085,4.722,0.794,1.487,0.244,0.222,1.104,1.15,2.677,3.622,1.955,,,0.728,0.581,1.355,0.119,1.242,,0.277,0.707,,0.109,,0.101,0.051,,0.184,,0.368,0.05,0.286
11/06/2017 23:43,11/07/2017 0:13,,0.145,40.128,,14.557,1.836,,3.436,,,0.769,,,,,0.739,0.058,,0.104,0.107,0.14,0.301,0.089,,,,0.066,0.09,0.241,0.321,0.245,,,0.09,0.067,0.179,,0.17,,0.061,0.158,,,,,,,,,0.096,,0.101
11/07/2017 0:43,11/07/2017 1:13,0.279,0.27,7.131,,5.743,0.852,,2.851,,,0.844,,,,,0.914,0.059,,0.158,0.139,0.168,0.378,0.11,,,,0.07,0.075,0.178,0.217,0.145,,,0.055,,0.081,,0.067,,,0.058,,,,,,,,,,,
11/07/2017 1:43,11/07/2017 2:13,0.209,0.442,8.408,,5.457,0.567,,2.399,,,0.707,,,,,0.783,0.054,,0.13,0.112,0.145,0.313,0.098,,,,0.05,0.059,0.141,0.156,0.114,,,,,0.07,,,,,,,,,,,,,,,,
11/07/2017 2:42,11/07/2017 3:12,0.206,0.273,17.448,,13.583,2.874,,7.414,0.123,,2.128,,,,0.095,2.231,0.128,,0.31,0.258,0.273,0.667,0.142,0.066,,,0.089,0.096,0.208,0.242,0.152,,,,,0.07,,,,,,,,,,,,,,,,
11/07/2017 3:42,11/07/2017 4:12,0.28,0.143,11.917,,7.578,1.388,,3.603,,,1.04,,,,,1.062,0.072,,0.169,0.161,0.208,0.446,0.136,,,0.066,0.093,0.102,0.252,0.314,0.22,,,0.079,0.055,0.136,,0.118,,,0.079,,,,,,,,,,,
11/07/2017 4:42,11/07/2017 5:12,0.442,0.312,17.726,0.064,9.796,2.018,,4.926,0.077,,1.572,,,,0.072,1.658,0.112,,0.328,0.299,0.366,0.841,0.258,0.155,,0.061,0.159,0.194,0.519,0.602,0.472,,,0.124,0.118,0.289,,0.316,,0.092,0.183,,,,,,,,,0.087,,0.202
11/07/2017 5:42,11/07/2017 6:12,0.396,0.32,6.525,,3.77,0.803,,1.646,,,0.528,,,,,0.493,,,0.069,0.07,,0.138,0.078,,,,,,,,,,,,,,,,,,,,,,,,,,,,,
11/07/2017 6:41,11/07/2017 7:11,0.595,0.388,15.14,0.102,15.401,6.636,,12.503,0.227,,1.833,,,,0.071,1.533,0.096,,0.156,0.135,0.13,0.329,0.095,,,,,,0.079,0.079,0.109,,,,,,,,,,,,,,,,,,,,,
11/07/2017 7:41,11/07/2017 8:11,0.765,0.423,11.639,0.082,6.05,1.095,,2.705,,,0.9,,,,,0.9,0.058,,0.15,0.131,0.138,0.314,0.126,,,,,0.055,0.097,0.096,0.087,,,,,,,,,,,,,,,,,,,,,
11/07/2017 8:41,11/07/2017 9:11,0.88,0.537,11.329,0.099,5.543,1.033,,2.734,,,0.863,,,,0.051,0.78,,,0.141,0.126,0.115,0.287,0.12,,,,,0.061,0.106,0.124,0.13,,,,,0.054,,0.073,,,,,,,,,,,,,,
11/07/2017 9:41,11/07/2017 10:11,0.626,0.507,13.706,0.084,9.503,1.737,,4.382,0.067,,1.193,,,,0.053,1.178,,,0.159,0.138,0.155,0.356,0.106,,,,,0.052,0.092,0.098,0.115,,,,,,,0.058,,,,,,,,,,,,,,
11/07/2017 13:42,11/07/2017 14:12,0.674,0.732,33.988,0.102,20.258,3.606,,8.364,0.147,,2.369,,,,0.113,2.416,0.152,,0.391,0.297,0.371,0.821,0.212,0.104,,,0.139,0.144,0.326,0.383,0.246,,,0.077,,0.132,,0.112,,,0.075,,,,,,,,,,,
11/08/2017 15:00,11/08/2017 15:30,1.493,1.288,48.056,0.234,27.464,4.97,,12.543,0.236,,3.695,,,,0.179,3.691,0.276,,0.649,0.509,0.659,1.32,0.342,0.261,0.056,0.09,0.264,0.27,0.535,0.603,0.6,0.064,,0.123,0.097,0.198,0.059,0.208,,0.08,0.089,,,,,,,,,,,
11/08/2017 16:00,11/08/2017 16:30,1.36,1.267,63.932,0.224,34.732,7.091,,16.643,0.323,,5.623,,,,0.246,5.248,0.421,,1.114,0.908,1.165,2.424,0.708,0.791,0.12,0.119,0.564,0.566,1.27,1.609,1.178,,,0.339,0.277,0.6,0.082,0.55,,0.139,0.279,,,,,,,0.056,,0.128,,
11/08/2017 16:59,11/08/2017 17:29,1.664,1.307,49.137,0.366,29.906,6.508,0.054,15.47,0.312,,5.474,0.066,,,0.289,5.471,0.562,,0.897,0.731,0.95,1.989,0.512,0.46,0.091,0.107,0.335,0.427,0.828,0.956,0.994,0.064,,0.224,0.199,0.396,0.112,0.515,,0.169,0.31,,0.104,,0.067,,,0.124,,0.241,0.128,0.177
11/08/2017 17:59,11/08/2017 18:29,1.903,1.408,30.001,0.357,18.344,3.559,0.066,8.983,0.181,,2.759,,,,0.164,2.777,0.216,,0.49,0.399,0.44,1.035,0.337,0.169,,0.067,0.146,0.183,0.346,0.338,0.498,0.056,,0.076,0.061,0.114,0.06,0.186,,0.067,0.064,,,,,,,,,,,
11/08/2017 18:59,11/08/2017 19:29,2.142,1.531,40.734,0.389,22.652,4.247,0.073,10.954,0.242,,3.517,0.063,,,0.208,3.309,0.271,,0.637,0.519,0.639,1.379,0.424,0.242,0.055,0.073,0.265,0.281,0.519,0.559,0.694,0.06,,0.126,0.112,0.214,0.074,0.296,,0.09,0.118,,,,,,,,,0.052,,
11/08/2017 19:59,11/08/2017 20:29,2.458,2.029,57.892,0.462,28.616,5.469,0.087,13.784,0.306,,4.621,0.085,,,0.285,4.496,0.371,,0.921,0.769,0.991,2.102,0.709,0.507,0.095,0.095,0.455,0.484,1.001,1.199,1.276,0.068,,0.269,0.171,0.475,0.114,0.612,,0.182,0.227,,0.075,,,,,0.093,,0.078,0.07,0.058
11/08/2017 20:58,11/08/2017 21:28,3.319,2.52,48.023,0.626,26.526,5.54,0.129,13.996,0.356,,4.664,0.113,0.052,0.077,0.352,4.21,0.329,,0.82,0.682,0.777,1.661,0.522,0.386,0.078,0.099,0.326,0.332,0.544,0.542,0.978,0.107,,0.135,0.129,0.179,0.127,0.427,,0.122,0.1,,0.081,,,,,0.084,,,0.091,
11/08/2017 21:58,11/08/2017 22:28,3.376,2.664,48.853,0.706,27.7,6.11,0.145,14.823,0.391,,4.967,0.133,0.051,0.08,0.347,4.4,0.331,,0.861,0.707,0.805,1.721,0.571,0.396,0.089,0.108,0.335,0.357,0.548,0.553,0.889,0.127,,0.141,0.125,0.179,0.132,0.453,,0.167,0.097,,0.085,,,,,0.09,,,0.098,
11/08/2017 22:58,11/08/2017 23:28,2.618,2.228,68.969,0.513,42.299,8.604,0.094,20.539,0.465,,6.598,0.106,,,0.386,6.034,0.43,,1.108,0.894,1.037,1.76,0.543,0.587,0.104,0.143,0.428,0.425,0.814,0.921,0.984,0.078,,0.19,0.17,0.308,0.113,0.455,,0.152,0.173,,0.076,,,,,0.077,,0.099,0.088,0.055
11/08/2017 23:57,11/09/2017 0:27,2.765,2.664,81.394,0.608,54.01,11.096,0.111,24.852,0.575,,7.596,0.114,0.052,,0.427,7.212,0.523,,1.311,1.089,1.316,2.84,0.634,0.832,0.127,0.134,0.54,0.555,1.089,1.29,1.151,0.118,,0.271,0.235,0.451,0.121,0.585,,0.149,0.238,,0.075,,,,,0.099,,0.107,0.122,0.054
11/09/2017 0:57,11/09/2017 1:27,2.811,2.316,58.31,0.536,35.115,7.098,0.104,16.258,0.386,,5.172,0.093,,,0.309,4.838,0.359,,0.785,0.634,0.898,1.907,0.527,0.485,0.111,0.129,0.357,0.372,0.679,0.502,0.928,0.182,0.115,0.178,0.155,0.254,0.109,0.435,,0.144,0.147,,0.066,,,,,0.066,,0.075,0.118,
11/09/2017 1:57,11/09/2017 2:27,2.977,2.551,66.89,0.559,31.815,6.273,0.118,14.625,0.354,,4.801,0.098,0.052,0.06,0.279,4.465,0.346,,0.856,0.7,0.699,1.807,0.719,0.487,0.092,0.123,0.361,0.374,0.678,0.764,1.228,0.116,,0.166,0.153,0.27,0.122,0.54,,0.184,0.153,,0.075,,0.058,,,0.089,,0.08,0.166,
11/09/2017 2:57,11/09/2017 3:27,1.902,1.515,56.6,0.393,26.208,4.965,0.06,11.779,0.243,,3.916,0.053,,,0.191,3.715,0.336,,0.661,0.553,0.721,1.526,0.76,0.351,0.064,0.075,0.325,0.349,0.714,0.847,1.26,0.056,,0.2,0.165,0.36,0.096,0.564,,0.187,0.216,,,,,,,0.083,,0.132,,0.081
11/09/2017 3:57,11/09/2017 4:27,1.112,0.894,48.231,0.219,32.301,6.356,,15.762,0.303,,4.659,,,,0.227,4.821,0.379,,0.799,0.639,0.869,1.778,0.394,0.436,0.054,0.062,0.284,0.317,0.662,0.785,0.541,,,0.166,0.146,0.278,0.062,0.232,,0.084,0.164,,,,,,,,,0.094,0.063,
11/09/2017 4:56,11/09/2017 5:26,0.965,0.745,79.189,0.206,38.021,7.002,,16.969,0.335,,5.19,,,,0.237,5.249,0.449,,0.898,0.711,0.972,1.993,0.913,0.507,0.081,0.094,0.342,0.404,0.861,0.956,1.178,,,0.216,0.193,0.411,0.074,0.474,,0.125,0.248,,0.052,,,,,0.073,,0.127,0.078,0.097
11/09/2017 5:56,11/09/2017 6:26,0.754,0.635,36.85,0.138,20.282,3.838,,9.351,0.167,,2.798,,,,0.127,2.859,0.215,,0.467,0.388,0.51,1.038,0.312,0.186,,0.052,0.186,0.199,0.424,0.538,0.423,,,0.123,0.109,0.206,,0.204,,0.056,0.144,,,,,,,,,0.081,0.09,0.055
11/09/2017 6:55,11/09/2017 7:25,0.844,0.711,87.998,0.177,51.406,11.409,0.052,25.428,0.499,,8.674,0.058,,,0.363,7.979,0.545,,1.519,1.201,1.466,3.209,0.81,1.024,0.15,0.118,0.651,0.636,1.445,1.904,1.187,,,0.375,0.294,0.679,0.062,0.615,,0.141,0.333,,0.053,,,,,0.072,,0.138,0.09,0.055
11/09/2017 7:55,11/09/2017 8:25,0.792,0.465,23.997,0.157,15.561,3.428,,7.858,0.139,,2.776,,,,0.128,2.781,0.236,,0.527,0.439,0.578,1.222,0.315,0.345,0.053,0.066,0.232,0.31,0.701,0.894,0.755,,,0.229,0.17,0.411,0.076,0.505,,0.149,0.278,,0.055,,,,,0.074,,0.152,0.082,0.078
11/09/2017 8:55,11/09/2017 9:25,0.789,0.641,34.089,0.17,20.779,4.194,,9.725,0.181,,3.277,,,,0.147,3.104,0.222,,0.615,0.431,0.619,1.331,0.319,0.35,0.061,0.087,0.306,0.313,0.644,0.795,4.442,,,0.175,0.134,0.31,,0.282,,0.069,0.137,,,,,,,,,,,
11/09/2017 11:54,11/09/2017 12:24,0.696,0.602,20.172,0.096,12.438,2.502,,5.823,0.095,,1.941,,,,0.09,1.983,0.137,,0.325,0.275,0.328,0.721,0.189,0.07,,,0.132,0.142,0.285,0.32,0.83,,,0.073,0.057,0.124,,0.109,,,0.097,,,,,,,,,,,
11/09/2017 12:54,11/09/2017 13:24,0.752,0.575,41.838,0.127,23.938,5.175,,12.712,0.237,,4.834,,,,0.23,4.99,0.388,,1.092,0.914,1.194,2.619,0.667,0.744,0.124,0.108,0.621,0.599,1.401,1.781,1.133,,,0.382,0.278,0.67,0.065,0.582,,0.137,0.333,,,,,,,0.06,,0.147,,0.056
11/09/2017 13:54,11/09/2017 14:24,1.006,0.635,26.116,0.142,15.589,2.903,,7.117,0.121,,2.294,,,,0.107,2.332,0.164,,0.434,0.346,0.437,0.967,0.239,0.162,,0.057,0.101,0.187,0.414,0.412,0.366,,,0.097,0.07,0.144,,0.11,,,0.06,,,,,,,,,,,
11/09/2017 14:54,11/09/2017 15:24,0.933,0.621,26.758,,,,,,,,,,,,,,,,,,,,,,,,,,,,,,,,,,,,,,,,,,,,,,,,,
11/09/2017 15:53,11/09/2017 16:23,1.095,0.722,54.517,0.217,31.511,6.163,,14.911,0.281,,4.54,,,,0.213,4.608,0.314,,0.75,,,,,,,,,,,,,,,,,,,,,,,,,,,,,,,,,
11/09/2017 16:53,11/09/2017 17:23,0.932,0.639,50.313,0.19,28.06,5.344,,12.578,0.241,,3.997,,,,0.209,4.126,0.275,,0.743,0.615,0.732,1.636,0.348,0.431,0.079,0.064,0.357,0.345,0.799,0.777,0.678,,,0.197,0.158,0.338,0.051,0.356,,0.05,0.165,,,,,,,,,,,
11/09/2017 17:52,11/09/2017 18:22,0.914,0.693,43.828,0.172,23.731,4.375,,10.273,0.197,,3.383,,,,0.165,3.434,,,,,,,,,,,,,,,,,,,,,,,,,,,,,,,,,,,,
11/09/2017 18:52,11/09/2017 19:22,1.265,1.185,36.831,0.258,22.314,4.304,,10.294,0.206,,,,,,,,,,,,,,,,,,,,,,,,,,,,,,,,,,,,,,,,,,,
11/09/2017 19:52,11/09/2017 20:22,1.712,1.278,66.813,0.348,48.182,12.474,,31.612,0.64,,12.714,0.09,,,0.616,13.696,0.932,,2.639,2.05,2.334,5.63,0.978,1.614,0.282,0.156,0.775,0.923,1.877,2.075,1.367,0.124,,0.358,0.274,0.52,0.079,0.477,,0.127,0.188,,,,,,,,,0.058,0.065,
11/09/2017 20:52,11/09/2017 21:22,2.106,1.427,57.265,0.365,39.583,9.944,0.076,24.975,0.55,,10.052,0.104,,,0.528,10.59,0.728,,2.027,1.663,1.933,4.615,0.843,1.357,0.216,0.188,0.847,0.813,1.718,1.849,1.486,0.068,0.053,0.409,0.368,0.673,0.105,0.686,,0.143,0.274,,0.072,,,,,0.089,,0.1,0.06,
11/09/2017 21:51,11/09/2017 22:21,1.867,1.232,37.977,0.342,24.143,5.768,0.059,14.427,0.319,,5.676,0.068,,,0.317,5.979,0.443,,1.187,1.03,1.208,2.808,0.625,0.7,0.134,0.109,0.547,0.539,1.14,1.208,1.192,0.09,0.05,0.281,0.234,0.465,0.089,0.54,,0.137,0.196,,0.053,,,,,0.065,,0.057,0.078,
11/09/2017 22:51,11/09/2017 23:21,1.723,1.103,36.424,0.29,24.116,5.659,,13.734,0.288,,5.216,0.06,,,0.257,5.33,0.385,,0.948,0.668,0.765,2.029,0.457,0.419,0.07,0.096,0.341,0.343,0.636,0.685,0.782,0.064,,0.129,0.114,0.205,0.061,0.279,,0.056,0.102,,,,,,,,,,0.075,
11/09/2017 23:51,11/10/2017 0:21,1.623,1.813,46.694,0.36,30.45,7.659,0.051,18.341,0.372,,7.456,0.081,,,0.382,7.4,0.606,,1.367,1.089,1.206,2.922,0.587,0.791,0.136,0.121,0.515,0.491,0.976,1.089,0.982,0.063,,0.219,0.174,0.336,0.071,0.372,,0.081,0.131,,0.053,,,,,,,,,
11/10/2017 0:51,11/10/2017 1:21,2.252,1.566,112.477,0.44,72.718,18.966,0.061,46.201,0.984,,19.128,0.145,0.075,,0.947,19.999,1.473,,4.294,3.452,4.069,9.693,1.798,3.267,0.514,0.559,1.904,1.851,4.036,4.404,3.182,0.188,0.096,0.962,0.739,1.571,0.178,1.467,,0.345,0.657,,0.124,,,,,0.155,,0.228,0.129,0.094
11/10/2017 1:51,11/10/2017 2:21,2.107,1.589,127.662,0.442,87.193,23.088,0.094,55.803,1.179,,23.199,0.193,0.102,,1.125,24.138,1.75,,5.033,3.975,4.094,11.001,2.051,3.586,,,,,,,,,,,,,,,,,,,,,,,,,,,,
11/10/2017 2:50,11/10/2017 3:20,2.145,1.827,113.46,0.433,79.506,20.831,0.09,50.712,1.06,,20.638,0.176,0.092,,1.021,21.606,1.533,,4.403,3.465,3.989,9.507,1.715,2.581,0.447,0.319,1.495,1.586,3.207,3.907,2.533,0.141,0.069,0.61,0.435,0.93,0.139,0.927,,0.213,0.342,,0.079,,0.058,,,0.098,,0.135,0.125,
11/10/2017 3:50,11/10/2017 4:20,1.878,1.509,109.06,0.376,74.235,19.423,0.095,47.002,0.909,,18.732,0.164,0.076,,0.917,19.215,1.367,,3.916,3.122,3.505,8.02,1.553,2.583,0.382,0.266,1.171,1.435,2.72,3.352,2.313,0.075,0.058,0.538,0.405,0.799,0.12,0.805,,0.155,0.299,,0.074,,,,,0.093,,0.111,0.113,
11/10/2017 4:50,11/10/2017 5:20,2.033,1.619,118.166,0.405,78.539,20.463,0.098,49.341,1.051,,19.508,0.153,0.084,0.058,0.949,19.92,1.431,,4.075,3.234,3.267,8.816,1.629,2.739,0.411,0.299,1.234,1.489,2.902,3.646,2.366,0.066,0.062,0.573,0.435,0.873,0.133,0.877,,0.173,0.327,,0.075,,0.053,,,0.093,,0.124,0.119,
11/10/2017 5:49,11/10/2017 6:19,2.581,2.301,81.977,0.452,49.408,12.305,0.088,29.621,0.646,,11.546,0.125,0.072,,0.566,11.546,0.83,,2.347,1.906,2.159,5.047,1.022,1.302,0.238,0.193,0.862,0.882,1.624,2.004,1.587,0.076,,0.327,0.281,0.489,0.102,0.602,,0.169,0.2,,0.067,,,,,0.087,,0.085,0.14,
11/10/2017 6:49,11/10/2017 7:19,2.582,2.835,72.176,0.468,42.194,10.652,0.083,26.442,0.572,,11.056,0.115,0.062,,0.571,11.204,0.831,,2.46,1.983,2.305,5.378,1.064,1.446,0.267,0.206,1.024,0.981,2.045,2.515,1.862,0.066,,0.456,0.36,0.724,0.132,0.82,,0.222,0.317,,0.088,,0.055,,,0.105,,0.134,0.125,0.068
11/10/2017 7:49,11/10/2017 8:19,3.073,2.739,93.673,0.665,59.353,16.848,0.135,43.744,0.977,,19.965,0.208,0.098,0.064,1.055,21.687,1.573,,4.807,3.88,4.612,11.224,2.071,3.639,0.538,0.441,1.793,2.054,4.629,5.571,3.552,0.133,0.101,1.044,0.809,1.735,0.241,1.696,,0.435,0.732,,0.161,0.052,0.118,0.073,,0.218,,0.295,0.14,0.129
11/10/2017 8:49,11/10/2017 9:19,1.977,1.559,29.571,0.37,18.318,3.511,0.07,8.981,0.194,,2.905,0.062,,,0.176,2.737,0.179,,0.489,0.404,0.452,1.001,0.347,0.17,0.089,0.072,0.185,0.207,0.331,0.339,0.655,0.191,,0.088,0.088,0.132,0.061,0.244,,0.106,0.091,,,,,,,,,,0.099,
11/10/2017 9:49,11/10/2017 10:19,1.572,1.42,234.542,0.454,128.066,27.417,0.138,55.943,1.129,,18.618,0.139,0.064,,0.739,16.524,1.169,,3.025,2.413,2.683,6.436,0.989,1.98,0.352,0.255,1.154,1.338,2.275,2.569,1.728,0.085,,0.326,0.268,0.548,0.114,0.606,,0.144,0.327,,0.076,,,,,0.093,,0.202,0.105,0.123
11/10/2017 10:48,11/10/2017 11:18,1.658,1.424,54.115,0.314,33.074,7.942,,18.325,0.359,,7.233,0.075,,,0.343,7.274,0.545,,1.341,0.908,1.012,2.859,,,,,,,,,,,,,,,,,,,,,,,,,,,,,,
11/10/2017 11:48,11/10/2017 12:18,1.507,1.317,47.702,,,,,,,,,,,,,,,,,,,,,,,,,,,,,,,,,,,,,,,,,,,,,,,,,
11/10/2017 12:48,11/10/2017 13:18,1.451,1.157,60.063,0.333,36.284,9.716,,21.176,0.42,,9.531,0.091,,,0.444,9.421,0.726,,1.77,1.398,1.925,4.312,0.838,1.495,0.204,0.201,0.819,1.002,2.269,2.915,2.106,0.062,0.054,0.611,0.49,1.04,0.155,0.926,,0.216,0.62,,0.125,,0.079,,,0.164,,0.38,0.123,0.272
11/10/2017 13:48,11/10/2017 14:18,1.37,1.376,57.591,0.248,34.563,8.07,,18.435,0.323,,6.947,0.055,,,0.316,6.864,0.464,,1.177,0.958,0.994,2.635,0.564,0.613,0.122,0.113,0.51,0.534,1.093,1.34,1.035,,,0.256,0.19,0.395,0.076,0.402,,0.116,0.223,,,,,,,0.053,,0.11,0.093,0.083
11/10/2017 19:11,11/10/2017 19:41,2.246,1.531,85.041,0.517,50.858,10.02,0.096,24.439,,,,,,,,,,,,,,,,,,,,,,,,,,,,,,,,,,,,,,,,,,,,
11/10/2017 20:10,11/10/2017 20:40,2.504,1.749,169.258,0.663,121.431,29.693,0.164,73.961,1.596,,32.366,0.307,0.139,0.074,1.704,35.966,2.95,,8.975,7.161,8.62,20.76,3.602,7.033,0.984,0.7,4.082,3.933,8.383,8.463,5.387,0.079,0.155,1.674,1.112,2.538,0.279,2.142,,0.513,0.925,,0.187,0.065,0.147,0.091,,0.264,0.051,0.387,0.159,0.155
11/10/2017 21:10,11/10/2017 21:40,2.595,1.751,212.04,0.674,161.951,42.941,0.179,106.517,2.251,,47.999,0.446,0.208,,2.481,52.877,4.346,,13.283,10.708,12.973,31.409,5.261,10.898,1.588,1.081,6.386,6.181,12.612,14.775,7.726,0.082,0.211,2.285,1.773,3.258,0.33,2.483,,0.584,0.912,,0.174,0.071,0.124,0.076,,0.223,,0.307,0.119,0.107
11/10/2017 22:10,11/10/2017 22:40,2.954,2.536,123.877,0.652,84.127,20.676,,,,,,,,,,,,,,,,,,,,,,,,,,,,,,,,,,,,,,,,,,,,,,
11/10/2017 23:10,11/10/2017 23:40,3.055,3.345,108.985,0.649,68.501,16.457,0.119,40.755,0.902,,16.696,0.175,0.107,0.079,0.849,18.022,1.447,,4.086,3.443,4.235,9.967,1.82,3.326,0.48,0.39,1.939,1.891,3.969,4.68,3.16,0.11,0.126,0.848,0.636,1.331,0.211,1.341,,0.364,0.563,,0.115,,0.095,0.058,,0.183,,0.232,0.162,0.102
11/11/2017 0:09,11/11/2017 0:39,2.734,2.334,107.268,0.485,65.389,15.984,0.081,40.007,0.863,,17.236,0.132,0.072,0.058,0.912,19.036,1.519,,4.65,3.736,4.601,10.731,1.947,3.211,0.553,0.42,1.971,2.089,4.264,5.042,3.214,0.131,0.118,0.854,,,,,,,,,,,,,,,,,,
11/11/2017 1:09,11/11/2017 1:39,2.154,1.779,78.125,0.431,47.974,11.938,0.088,30.61,0.679,,13.303,0.138,0.084,,0.737,14.774,1.184,,3.522,2.895,3.542,8.374,1.588,2.815,0.406,0.307,1.318,1.614,3.19,3.74,2.471,0.074,0.072,0.61,0.49,0.893,0.141,0.874,,0.239,0.316,,0.074,,,,,0.093,,0.109,0.127,
11/11/2017 2:09,11/11/2017 2:39,1.602,1.504,97.668,0.328,63.357,16.194,0.053,43.067,0.889,,19.098,0.151,0.085,,1.003,22.11,1.773,,5.46,4.381,5.347,13.011,2.336,4.447,0.669,0.475,2.54,2.433,5.164,5.928,3.425,0.051,0.086,0.969,0.766,1.372,0.162,1.098,,0.226,0.417,,0.08,,0.055,,,0.098,,0.129,0.068,
11/11/2017 3:09,11/11/2017 3:39,1.225,1.732,69.848,0.187,43.707,11.234,,29.276,0.587,,12.707,0.082,0.054,,0.656,14.517,1.184,,3.393,2.85,3.543,8.54,1.524,2.895,0.394,0.326,1.61,1.561,3.361,3.721,2.297,,0.058,0.608,0.448,0.862,0.114,0.698,,0.152,0.233,,0.056,,,,,0.057,,,,
11/11/2017 4:09,11/11/2017 4:39,0.805,0.979,78.914,0.15,54.353,14.352,,37.434,0.754,,16.488,0.102,0.056,,0.85,19.061,1.496,,4.604,3.778,4.589,11.289,1.933,3.823,0.567,0.417,2.187,2.099,4.452,5.078,2.785,,0.07,0.78,0.596,1.09,0.108,0.797,,0.194,0.288,,,,,,,0.054,,0.072,,
11/11/2017 5:08,11/11/2017 5:38,0.817,1.633,41.037,0.069,27.855,7.338,,18.487,0.367,,7.842,0.052,,,0.393,8.681,0.669,,2.119,1.747,2.1,5.087,0.885,1.657,0.253,0.229,1.048,1.017,2.173,2.396,1.448,,,0.415,0.314,0.555,0.06,0.452,,0.118,0.151,,,,,,,,,,,
11/11/2017 6:08,11/11/2017 6:38,1.188,2.306,65.612,0.145,33.314,7.648,,18.19,0.371,,7.426,0.066,,,0.375,7.913,0.593,,1.75,1.565,1.932,4.556,0.888,1.52,0.2,0.179,0.948,0.922,2.067,2.456,1.637,,,0.448,0.35,0.72,0.084,0.669,,0.165,0.272,,,,,,,0.065,,0.077,0.052,
11/11/2017 7:08,11/11/2017 7:38,1.473,1.487,45.917,0.31,27.667,7.159,0.073,16.553,0.404,,6.67,0.08,,,0.371,7.193,0.528,,1.575,1.284,1.613,3.732,0.729,1.234,0.17,0.185,0.794,0.822,1.8,2.05,1.527,0.067,,0.432,0.342,0.728,0.099,0.701,,0.198,0.352,,0.067,,,,,0.09,,0.14,0.069,0.057
11/11/2017 8:08,11/11/2017 8:38,1.578,1.521,93.462,0.432,58.335,15.71,0.078,37.752,0.8,,16.085,0.146,0.063,,0.808,17.719,1.407,,3.751,3.119,3.849,9.45,1.739,3.043,0.46,0.372,1.836,1.824,3.854,4.424,2.966,,0.071,0.824,0.647,1.373,0.164,1.273,,0.319,0.648,,0.137,,0.095,0.058,,0.198,,0.377,0.218,0.225
11/11/2017 9:07,11/11/2017 9:37,0.802,0.735,32.373,0.163,20.658,4.811,,11.657,0.227,,4.724,,,,0.23,4.996,0.381,,,,,,,,,,,,,,,,,,,,,,,,,,,,,,,,,,,
11/11/2017 10:07,11/11/2017 10:37,1.113,0.788,30.485,0.202,20.659,4.565,,11.27,0.212,,3.816,,,,0.17,3.719,0.255,,0.672,0.542,0.652,1.463,0.335,0.288,0.065,0.082,0.157,0.275,0.57,0.698,0.529,,,0.136,0.11,0.22,,0.21,,0.061,0.115,,,,,,,,,,,
11/11/2017 13:06,11/11/2017 13:36,0.333,0.399,17.273,,8.95,1.772,,4.499,0.068,,1.552,,,,0.069,1.571,0.088,,0.314,0.254,0.304,0.661,0.229,0.109,,,0.133,0.135,0.308,0.373,0.325,,,0.083,0.057,0.14,,0.145,,,0.078,,,,,,,,,,,
11/11/2017 14:06,11/11/2017 14:36,0.195,0.19,5.945,,3.046,0.588,,1.411,,,0.521,,,,,0.496,,,0.106,0.1,0.115,0.262,0.092,,,,0.058,0.059,0.16,0.195,0.179,,,0.053,,0.1,,0.094,,,0.065,,,,,,,,,,,
11/11/2017 15:06,11/11/2017 15:36,0.108,0.21,8.985,,3.199,0.57,,1.363,,,0.501,,,,,0.531,,,,,,,,,,,,,,,,,,,,,,,,,,,,,,,,,,,,
11/11/2017 16:06,11/11/2017 16:36,0.427,0.303,107.156,0.107,39.068,7.393,,15.363,0.28,,5.354,,,,0.219,5.134,0.4,,1.112,0.891,1.126,2.582,0.803,0.838,0.127,0.115,0.603,0.612,1.404,1.751,1.296,,,0.417,0.322,0.783,0.082,0.845,,0.209,0.551,,0.094,,0.075,,,0.153,,0.386,,0.292
11/11/2017 17:05,11/11/2017 17:35,0.225,0.21,41.997,0.075,18.97,4.133,,10.887,0.192,,4.542,,,,0.221,5.047,0.437,,1.245,1.026,1.299,3.033,0.87,0.852,0.14,0.114,0.472,0.536,1.179,1.353,0.991,,,0.202,0.145,0.308,,0.301,,0.051,0.153,,,,,,,,,0.069,,
11/11/2017 18:05,11/11/2017 18:35,0.409,0.294,5.666,0.065,3.041,0.564,,1.459,,,0.498,,,,,0.44,,,0.117,0.156,0.165,0.499,0.084,,,,,,0.073,0.07,0.114,,,,,,,,,,,,,,,,,,,,,
11/11/2017 19:05,11/11/2017 19:35,0.493,0.397,7.08,0.12,3.651,0.722,,1.747,,,0.647,,,,,0.578,,,0.138,0.191,0.196,0.615,0.11,,,,,0.052,0.092,0.093,0.217,,,,,,,0.095,,,,,,,,,,,,,,
11/11/2017 20:05,11/11/2017 20:35,1.063,0.776,8.748,0.224,4.065,1.168,,2.762,0.063,,1.171,,,,0.054,0.912,0.059,,0.214,0.263,,,,,,,,,,,,,,,,,,,,,,,,,,,,,,,,
11/11/2017 21:04,11/11/2017 21:34,1.116,0.766,10.997,0.241,5.214,1.555,0.059,3.363,0.093,,1.35,,,,0.057,0.999,0.07,,0.211,0.187,0.185,0.392,0.175,,,,0.068,0.092,0.143,0.126,0.323,,,,,0.051,,0.135,,0.053,0.053,,,,,,,,,,,
11/11/2017 22:04,11/11/2017 22:34,1.012,0.645,9.836,0.194,5.095,1.262,,2.84,0.056,,1.076,,,,,0.883,0.06,,0.172,0.158,0.17,0.353,0.154,,,,0.069,0.081,0.113,0.107,0.266,,,,,,,0.111,,,,,,,,,,,,,,
11/11/2017 23:04,11/11/2017 23:34,1.235,0.869,10.858,0.222,4.765,1.535,0.058,3.453,0.086,,1.394,,,,0.059,1.047,0.071,,0.197,0.183,0.193,0.366,0.186,,,,0.085,0.095,0.127,0.108,0.367,0.064,,,,,,0.158,,,,,,,,,,,,,,
11/12/2017 0:04,11/12/2017 0:34,0.624,0.54,12.337,0.102,6.915,1.368,,3.166,,,1.015,,,,,0.893,0.063,,0.156,0.14,0.15,0.314,0.128,,,,0.052,0.056,0.108,0.101,0.164,,,,,,,0.072,,,,,,,,,,,,,,
11/12/2017 1:03,11/12/2017 1:33,0.38,0.543,9.052,0.054,5.135,1.008,,2.259,,,0.756,,,,,0.711,,,0.111,0.103,0.122,0.243,0.095,,,,,,0.071,0.082,0.138,,,,,,,,,,,,,,,,,,,,,
11/12/2017 2:03,11/12/2017 2:33,0.4,0.473,7.12,,3.903,0.774,,1.805,,,0.673,,,,,0.553,,,0.097,0.092,0.109,0.21,0.083,,,,,,0.061,0.07,0.159,,,,,,,,,,,,,,,,,,,,,
11/12/2017 3:03,11/12/2017 3:33,0.566,0.445,11.261,0.062,5.517,1.135,,2.83,,,1.012,,,,,0.925,0.067,,0.187,0.209,0.246,0.617,0.12,,,,,,,,,,,,,,,,,,,,,,,,,,,,,
11/12/2017 4:03,11/12/2017 4:33,0.419,0.412,7.8,,3.759,0.791,,1.898,,,0.653,,,,,0.545,,,0.093,0.089,0.1,0.188,0.082,,,,,,0.055,0.057,0.125,,,,,,,,,,,,,,,,,,,,,
11/12/2017 5:02,11/12/2017 5:32,0.684,0.87,20.671,0.086,9.512,2.094,,5.157,0.094,,,,,,,,,,,,,,,,,,,,,,,,,,,,,,,,,,,,,,,,,,,
11/12/2017 6:02,11/12/2017 6:32,1.266,1.583,54.972,0.204,26.434,6.032,,14.166,0.296,,5.757,0.067,,,0.273,5.701,0.432,0.108,1.429,1.112,1.612,3.82,0.608,0.983,0.212,0.186,0.791,0.765,1.766,2.264,1.458,0.235,0.062,0.483,0.374,0.842,0.098,0.798,,0.2,0.388,,0.072,,,,,0.094,,0.158,0.056,0.067
11/12/2017 7:02,11/12/2017 7:32,1.549,2.395,37.57,0.196,16.455,3.651,,8.491,0.17,,3.418,,,,0.161,3.24,0.246,0.051,0.791,0.67,0.914,2.237,0.389,0.434,0.095,0.091,0.329,0.411,0.86,1.098,0.98,0.078,,0.236,0.2,0.387,0.064,0.459,,0.121,0.195,,,,,,,0.057,,0.07,,
11/12/2017 8:02,11/12/2017 8:32,0.95,0.944,21.602,0.137,9.915,2.537,,6.34,0.112,,2.357,,,,0.109,2.396,0.173,,0.532,0.468,0.563,1.372,0.297,0.27,0.06,0.054,0.262,0.264,0.586,0.67,0.591,,,0.144,0.096,0.247,,0.264,,0.068,0.13,,,,,,,,,,,
11/12/2017 9:01,11/12/2017 9:31,0.61,0.655,13.642,0.077,6.618,1.598,,3.9,0.061,,1.466,,,,0.063,1.374,0.096,,0.285,0.28,0.325,0.763,0.22,0.108,,,0.146,0.15,0.329,0.391,0.388,,,0.095,0.06,0.145,,0.168,,0.064,0.078,,,,,,,,,,,
11/12/2017 10:01,11/12/2017 10:31,0.703,,7.526,0.09,2.886,1.657,0.057,2.954,0.162,0.063,1.224,0.056,,,,0.66,,,0.146,0.151,0.123,0.266,0.134,,,,0.052,0.06,0.071,0.061,0.242,,,,,,,0.082,,,,,,,,,,,,,,
11/12/2017 11:01,11/12/2017 11:31,0.364,0.444,5.147,,1.993,0.505,,0.997,,,0.38,,,,,0.299,,,0.05,0.051,0.055,0.109,0.075,,,,,,,,0.096,,,,,,,,,,,,,,,,,,,,,
11/12/2017 12:01,11/12/2017 12:31,0.336,0.437,3.563,,1.534,0.356,,0.676,,,0.254,,,,,0.191,,,,,,0.066,0.063,,,,,,,,0.06,,,,,,,,,,,,,,,,,,,,,
11/12/2017 13:00,11/12/2017 13:30,0.191,0.37,3.943,,1.616,0.377,,0.689,,,0.27,,,,,0.192,,,,,,0.065,0.064,,,,,,,,0.078,0.056,,,,,,,,,,,,,,,,,,,,
11/12/2017 14:00,11/12/2017 14:30,0.303,0.464,5.259,,2.22,0.407,,1.021,,,0.41,,,,,0.348,,,0.077,0.076,0.083,0.183,0.094,,,,0.086,0.088,0.132,0.148,0.162,,,0.053,,0.081,,0.068,,,,,,,,,,,,,,
11/12/2017 15:00,11/12/2017 15:30,0.365,0.463,7.938,,3.83,0.875,,2.04,,,0.838,,,,,0.749,0.056,,0.208,0.178,0.241,0.513,0.161,0.082,,,0.146,0.146,0.387,0.476,0.354,,,0.115,0.096,0.236,,0.202,,0.051,0.125,,,,,,,,,,,
11/12/2017 17:59,11/12/2017 18:29,2.494,3.225,17.611,0.826,12.77,2.661,0.116,5.335,0.11,,3.045,0.072,,,0.172,2.622,0.266,0.059,0.658,0.577,0.604,1.51,0.503,0.344,0.154,0.21,0.393,0.395,0.709,0.796,0.972,0.352,0.179,0.179,0.162,0.262,0.109,0.49,,0.154,0.114,,0.082,,,,,0.095,,,,
11/12/2017 18:58,11/12/2017 19:28,1.663,1.293,28.498,0.506,15.478,4.531,0.089,8.839,0.195,,5.178,0.076,,,0.238,4.6,0.479,,1.08,0.955,1.162,2.58,0.586,0.808,0.141,0.139,0.59,0.619,1.221,1.495,1.186,0.116,,0.301,0.258,0.538,0.089,0.594,,0.152,0.27,,0.065,,,,,0.085,,0.123,0.076,
11/12/2017 19:58,11/12/2017 20:28,1.601,1.215,37.252,0.395,17.383,4.825,0.069,10.304,0.218,,5.658,0.078,,,0.273,5.617,0.536,,1.415,1.207,1.473,3.442,0.814,0.959,0.179,0.188,0.394,0.682,1.425,1.693,,,,,,,,,,,,,,,,,,,,,,
11/12/2017 20:58,11/12/2017 21:28,1.724,1.353,30.722,0.324,12.449,3.091,0.061,7.093,0.15,,3.677,0.062,,,0.207,3.859,0.336,,1.011,0.879,1.049,2.504,0.65,0.609,0.108,0.094,0.285,0.361,0.888,1.011,1.055,0.094,,0.163,0.125,0.222,0.078,0.328,,0.115,0.103,,,,,,,,,,0.052,
11/12/2017 21:58,11/12/2017 22:28,2.013,1.692,33.957,0.349,13.259,3.401,0.069,7.495,0.165,,3.862,0.057,,,0.23,3.996,0.363,,1.088,0.942,1.196,2.787,0.742,0.836,0.132,0.117,0.579,0.548,1.163,1.369,1.335,0.073,,0.27,0.222,0.434,0.098,0.57,,0.14,0.235,,0.062,,,,,0.079,,0.092,0.066,
11/12/2017 22:57,11/12/2017 23:27,1.876,1.666,29.786,0.317,10.909,2.693,0.059,5.8,,,2.924,0.06,,,0.177,3.047,0.267,,0.885,0.846,1.112,2.736,0.591,0.532,0.094,0.099,0.446,0.444,0.885,1.052,1.338,0.107,,0.209,0.158,0.332,0.082,0.494,,0.133,0.197,,0.056,,,,,0.072,,0.088,0.063,
11/12/2017 23:57,11/13/2017 0:27,1.733,1.566,36.877,0.29,13.318,3.195,0.06,7.046,0.147,,3.653,0.066,,,0.101,3.936,0.363,,1.177,1.058,1.353,3.273,0.738,0.781,0.119,0.113,0.598,0.554,1.202,1.418,1.44,0.081,,0.258,0.179,0.412,0.087,0.549,,0.146,0.201,,0.06,,,,,0.078,,0.094,0.059,
11/13/2017 0:57,11/13/2017 1:27,1.52,1.17,44.753,0.278,17.861,3.995,0.052,9.971,0.204,,5.033,0.06,,,0.281,5.885,0.541,,1.74,1.505,1.959,4.548,1.131,1.616,0.233,0.191,1,0.976,2.192,2.7,1.978,0.057,,0.535,0.41,0.944,0.129,1.028,,0.262,0.525,,0.096,,0.072,,,0.14,,0.214,,0.116
11/13/2017 1:56,11/13/2017 2:26,1.436,1.549,29.796,0.202,10.191,2.287,,4.842,0.096,,2.287,,,,0.138,2.333,0.209,,0.696,0.637,0.801,1.886,0.479,0.283,0.09,0.13,0.265,0.345,0.71,0.842,0.987,0.074,,0.158,0.137,0.258,0.064,0.383,,0.098,0.149,,,,,,,0.055,,0.056,,
11/13/2017 2:56,11/13/2017 3:26,1.1,1.489,10.87,0.127,3.755,0.829,,1.633,,,0.71,,,,,0.527,,,0.149,0.199,0.237,0.626,0.153,,,,0.052,0.059,0.083,0.08,0.507,,,,,,,,,,,,,,,,,,,,,
11/13/2017 3:56,11/13/2017 4:26,0.912,0.926,23.326,0.12,10.497,2.318,,5.79,0.098,,2.623,,,,0.136,2.921,0.256,,0.815,0.602,0.931,2.187,0.558,0.691,0.124,0.106,0.487,0.484,1.098,1.296,1.029,0.088,,0.273,0.223,0.467,0.067,0.491,,0.13,0.24,,,,,,,0.057,,0.094,,
11/13/2017 4:56,11/13/2017 5:26,1.298,1.254,18.405,0.161,7.402,1.914,,4.118,0.07,,1.651,,,,0.079,1.326,0.098,,0.305,0.277,0.329,0.696,0.245,0.096,,0.065,0.161,0.177,0.357,0.41,0.619,0.067,,0.119,0.098,0.213,0.062,0.306,,0.096,0.124,,,,,,,,,,,
11/13/2017 5:55,11/13/2017 6:25,1.168,1.138,24.723,0.175,15.007,3.521,,8.371,0.164,,2.993,,,,0.142,2.955,0.2,,0.592,0.5,0.506,1.302,0.359,0.348,0.087,0.101,0.238,0.299,0.638,0.763,0.74,0.148,,0.189,0.156,0.336,0.064,0.409,,0.124,0.196,,,,,,,0.061,,0.082,0.052,
11/13/2017 6:55,11/13/2017 7:25,2.812,2.143,44.783,0.604,19.475,5.165,0.115,11.323,0.28,,5.527,0.108,0.053,0.061,0.336,5.454,0.527,,1.472,1.227,1.539,3.541,1.038,1.152,0.2,0.229,0.76,0.767,1.398,1.581,1.501,0.119,,0.274,0.236,0.39,0.13,0.65,,0.173,0.213,,0.098,,0.062,,,0.128,,0.105,0.198,0.065
11/13/2017 7:55,11/13/2017 8:25,2.475,2.14,39.274,0.479,21.189,5.118,0.088,11.73,0.271,,4.729,0.078,,,0.249,4.491,0.33,,1.006,0.733,0.99,2.279,0.646,0.708,0.131,0.126,0.523,0.52,1.09,1.242,1.211,0.071,,0.279,0.197,0.466,0.113,0.612,,0.166,0.249,,0.082,,,,,0.099,,0.103,0.069,
11/13/2017 8:54,11/13/2017 9:24,2.337,2.234,46.877,,,,,,,,,,,,,,,,,,,,,,,,,,,,,,,,,,,,,,,,,,,,,,,,,
11/13/2017 9:54,11/13/2017 10:24,2.415,1.973,12.347,0.47,3.521,1.245,0.1,2.834,0.08,,1.532,0.068,,,0.088,1.128,0.06,,0.25,0.223,0.207,0.375,0.284,,,,,,,,,,,,,,,,,,,,,,,,,,,,,
11/13/2017 10:54,11/13/2017 11:24,0.848,0.686,13.602,0.224,10.057,2.874,0.05,7.025,0.137,,2.792,,,,0.124,2.684,0.169,,0.481,0.403,0.424,0.952,0.274,0.173,0.052,0.055,0.162,0.204,0.366,0.408,0.718,0.055,,0.099,0.082,0.166,0.055,0.245,,0.087,0.103,,,,,,,,,,,
11/13/2017 13:53,11/13/2017 14:23,,0.168,1.12,,0.403,0.167,,0.447,,,0.238,,,,,0.138,,,,,,,,,,,,,,,,,,,,,,,,,,,,,,,,,,,,
11/13/2017 14:53,11/13/2017 15:23,1.172,1.217,48.179,0.181,22.112,4.334,,10.028,0.184,,3.271,,,,0.137,3.045,0.19,,0.579,0.471,0.506,1.235,0.266,0.239,0.054,0.067,0.248,0.264,0.531,0.512,0.546,,,0.158,0.114,0.253,0.05,0.27,,0.07,0.165,,,,,,,,,0.084,,
11/13/2017 15:52,11/13/2017 16:22,2.023,1.378,69.64,0.361,37.582,9.425,0.057,20.812,0.248,,8.553,0.085,,,0.399,8.332,0.44,,1.627,1.096,1.24,3.359,0.665,0.827,0.171,0.152,0.663,0.657,1.326,1.491,1.413,,,0.411,0.357,0.733,0.124,0.776,,0.19,0.56,,0.122,,0.083,0.051,,0.176,,0.411,0.275,0.291
11/13/2017 16:52,11/13/2017 17:22,2.23,1.693,93.59,0.45,49.536,11.552,0.086,25.374,0.532,,9.354,0.102,,,0.447,9.089,0.644,,1.891,1.551,1.804,4.247,0.887,1.397,0.202,0.203,1.02,1.029,2.337,2.873,2.017,,0.054,0.68,0.441,1.263,0.166,1.248,,0.337,0.754,,0.133,,0.113,0.07,,0.218,,0.448,0.191,0.309
11/13/2017 17:52,11/13/2017 18:22,2.343,1.638,87.343,0.539,52.942,13.198,0.099,30.566,0.656,,11.51,0.139,0.062,,0.56,11.48,0.814,,2.371,1.889,2.223,5.378,,,,,,,,,,,,,,,,,,,,,,,,,,,,,,
11/13/2017 18:52,11/13/2017 19:22,2.205,1.63,65.615,0.479,40.808,9.48,0.088,21.725,0.496,,7.791,0.108,,,0.378,7.388,0.47,,1.455,1.138,1.218,2.978,0.706,0.828,,0.171,0.617,0.626,1.233,1.365,1.429,0.208,,0.333,0.264,0.55,0.136,0.744,,0.188,0.318,,0.086,,,,,0.117,,0.169,0.063,0.103
11/13/2017 19:51,11/13/2017 20:21,2.586,1.8,64.521,0.5,33.485,8.118,0.104,17.39,0.409,,6.264,0.113,0.053,0.051,0.314,5.668,0.363,,1.124,0.759,0.91,2.246,0.578,0.473,0.131,0.125,0.452,0.437,0.826,0.853,1.203,0.131,,0.212,0.187,0.335,0.127,0.572,,0.195,,,,,,,,,,,,
11/13/2017 20:51,11/13/2017 21:21,2.634,1.701,68.356,0.568,34.68,8.324,0.125,18.088,0.427,,6.646,0.114,0.057,0.061,0.323,6.219,0.423,,1.333,1.087,1.246,2.914,0.786,0.779,0.159,0.167,0.708,0.729,1.57,1.846,1.928,0.101,,0.498,0.417,0.943,0.181,1.149,,0.28,0.575,,0.154,0.061,0.098,0.062,,0.208,,0.279,0.087,0.153
11/13/2017 21:51,11/13/2017 22:21,1.659,1.095,35.779,0.309,18.163,4.397,0.059,9.714,0.214,,3.504,0.061,,,0.184,3.225,0.209,,0.672,0.473,0.608,1.419,0.391,0.301,0.08,0.113,0.329,0.339,0.693,0.804,0.965,,,0.208,0.185,0.375,0.088,0.514,,0.148,0.239,,0.068,,,,,0.077,,0.115,,0.06
11/14/2017 14:51,11/14/2017 15:21,0.306,0.362,6.805,,3.79,0.958,,2.276,,,0.88,,,,,0.765,,,0.154,0.145,0.161,0.356,0.122,,,0.067,0.085,0.094,0.176,0.202,0.288,,,,,0.084,,0.117,,,0.064,,,,,,,,,,,
11/14/2017 15:51,11/14/2017 16:21,0.053,0.141,1.22,,0.394,0.078,,0.211,,,0.1,,,,,0.082,,,,,,,,,,,,,,,,,,,,,,,,,,,,,,,,,,,,
11/14/2017 16:51,11/14/2017 17:21,0.079,0.092,7.894,,5.864,1.538,,3.447,,,1.195,,,,,1.015,,,0.162,0.131,0.125,0.289,0.061,,,,,,0.086,0.11,0.09,,,,,,,0.067,,,,,,,,,,,,,,
11/14/2017 17:51,11/14/2017 18:21,0.057,0.098,9.551,,8.058,2.083,,4.772,0.078,,1.613,,,,0.059,1.351,0.07,,0.204,0.17,0.166,0.394,0.073,,,,0.052,,0.105,0.138,0.082,,,,,,,,,,,,,,,,,,,,,
11/14/2017 18:50,11/14/2017 19:20,0.067,0.128,1.387,,0.384,0.057,,0.137,,,0.069,,,,,,,,,,,,,,,,,,,,,,,,,,,,,,,,,,,,,,,,,
11/14/2017 19:50,11/14/2017 20:20,0.242,0.278,12.47,,6.122,1.359,,3.276,,,1.295,,,,,1.257,0.096,,0.33,0.286,0.332,0.858,0.174,0.167,,,0.165,0.203,0.483,0.604,0.397,,,0.113,0.096,0.214,,0.2,,,0.116,,,,,,,,,,,
11/14/2017 20:50,11/14/2017 21:20,0.267,0.258,19.228,0.054,13.746,3.34,,7.817,0.14,,2.866,,,,0.108,2.547,0.16,,0.487,0.4,0.431,1.015,0.21,0.137,,,0.168,0.164,0.377,0.482,0.359,,,0.083,0.076,0.181,,0.187,,,0.111,,,,,,,,,0.065,,
11/14/2017 21:49,11/14/2017 22:19,0.54,0.34,39.663,0.105,17.389,3.397,,7.822,0.139,,2.718,,,,0.115,2.665,0.225,,0.654,0.548,0.745,1.583,0.42,0.529,0.088,0.081,0.417,0.411,0.898,1.057,0.636,,,0.155,0.112,0.216,,0.157,,,0.081,,,,,,,,,,,
11/14/2017 22:49,11/14/2017 23:19,0.176,0.181,42.26,,18.235,3.209,,7.82,0.134,,2.547,,,,0.109,2.617,0.223,,0.621,0.519,0.631,1.567,0.385,0.5,0.079,0.074,0.304,0.368,0.828,0.983,0.542,,,0.151,0.096,0.203,,0.138,,,0.075,,,,,,,,,,,
11/14/2017 23:49,11/15/2017 0:19,0.442,0.47,9.641,,5.055,0.96,,2.232,,,0.688,,,,,0.676,0.051,,0.117,0.108,0.145,0.29,0.092,,,,,0.057,0.138,0.178,0.134,,,0.051,,0.072,,0.06,,,0.056,,,,,,,,,,,
11/15/2017 0:48,11/15/2017 1:18,0.1,0.256,4.535,,2.651,0.443,,1.117,,,0.338,,,,,0.318,,,,,0.055,0.107,,,,,,,,,,,,,,,,,,,,,,,,,,,,,,
11/15/2017 1:48,11/15/2017 2:18,0.151,0.273,3.534,,1.79,0.305,,0.732,,,0.238,,,,,0.187,,,,,,0.062,,,,,,,,,,,,,,,,,,,,,,,,,,,,,,
11/15/2017 2:48,11/15/2017 3:18,0.341,0.391,3.96,,1.743,0.445,,2.122,,,0.536,,,,,0.272,,,,0.051,,0.093,0.052,,,,,,,,0.09,,,,,,,,,,,,,,,,,,,,,
11/15/2017 3:48,11/15/2017 4:18,0.408,0.573,6.152,,1.987,0.493,,1.808,,,0.565,,,,,0.351,,,0.057,0.058,0.057,0.124,0.063,,,,,,,,0.138,,,,,,,,,,,,,,,,,,,,,
11/15/2017 4:47,11/15/2017 5:17,0.641,0.804,7.354,0.066,2.167,1.796,0.061,2.934,0.167,0.063,1.178,0.061,,,0.056,0.732,,,0.128,0.131,0.105,0.201,0.099,,,,,0.051,0.056,,0.255,,,,,,,0.085,,,,,,,,,,,,,,
11/15/2017 5:47,11/15/2017 6:17,0.907,1.5,6.795,0.141,1.996,0.832,,2.263,0.062,,1.065,,,,,0.509,,,0.113,0.109,0.093,0.162,0.12,,,,,,0.057,,0.243,,,,,,,0.101,,,,,,,,,,,,,,
11/15/2017 6:47,11/15/2017 7:17,2.351,2.534,11.582,0.449,3.276,1.234,0.115,2.886,0.149,0.058,1.422,0.085,,0.064,0.126,0.895,0.064,,0.232,0.218,0.179,0.357,0.275,,,,0.106,0.096,0.125,0.095,0.541,0.065,,0.053,0.053,0.052,0.08,0.261,,0.085,,,0.058,,,,,0.062,,,,
11/15/2017 7:47,11/15/2017 8:17,3.142,2.594,14.052,0.622,3.441,1.36,0.137,3.003,0.145,0.054,1.63,0.1,,0.082,0.172,1.319,0.092,,0.287,0.257,0.248,0.43,0.34,,,0.061,0.117,0.156,0.176,0.14,0.771,0.104,,0.065,0.081,0.067,0.099,0.359,,0.108,0.052,,0.078,,,,,0.091,,,0.062,
11/15/2017 8:46,11/15/2017 9:16,1.797,1.402,7.871,0.367,2.291,0.756,0.076,1.592,0.054,,0.893,0.051,,,0.067,0.677,,0.083,0.162,0.146,0.142,0.239,0.227,,,,0.072,0.093,0.105,0.082,0.459,0.06,,,0.052,,0.066,0.221,,0.077,,,,,,,,,,,,
11/15/2017 9:46,11/15/2017 10:16,0.304,0.575,2.376,0.064,0.97,0.298,,0.71,,,0.337,,,,,0.216,,,,,,0.077,0.082,,,,,,,,0.104,,,,,,,,,,,,,,,,,,,,,
11/15/2017 10:46,11/15/2017 11:16,0.277,0.543,2.614,,1.362,0.333,,0.836,,,0.334,,,,,0.293,,,,,,0.079,0.066,,,,,,,,0.097,,,,,,,,,,,,,,,,,,,,,
11/15/2017 11:46,11/15/2017 12:16,0.474,0.8,2.559,,1.223,0.425,,0.965,,,0.442,,,,,0.342,,,0.067,0.069,0.062,0.121,0.087,,,,,,,,0.171,,,,,,,,,,,,,,,,,,,,,
11/15/2017 12:45,11/15/2017 13:15,0.47,0.564,2.952,,1.292,0.553,,1.103,,,0.525,,,,,0.363,,,0.074,0.076,0.065,0.132,0.083,,,,,,,,0.194,,,,,,,0.05,,,,,,,,,,,,,,
11/15/2017 13:45,11/15/2017 14:15,0.46,0.647,3.774,,2.241,0.66,,1.462,,,0.612,,,,,0.506,,,0.093,0.089,0.087,0.181,0.098,,,,,0.054,0.078,0.075,0.217,,,,,,,0.071,,,,,,,,,,,,,,
11/15/2017 14:45,11/15/2017 15:15,0.315,0.545,5.153,,3.491,0.887,,2.223,,,0.866,,,,,0.677,,,0.124,0.099,0.09,0.241,0.108,,,,,,0.081,0.113,,,,,,0.062,,0.085,,,0.055,,,,,,,,,,,
11/15/2017 15:44,11/15/2017 16:14,0.423,0.684,16.421,,13.011,3.533,,7.974,0.135,,2.874,,,,0.102,2.356,0.132,,0.416,0.282,0.336,0.777,0.18,0.087,,,0.102,0.128,0.248,0.303,0.316,,,0.053,0.052,0.107,,0.128,,,0.076,,,,,,,,,,,
11/15/2017 16:44,11/15/2017 17:14,0.445,0.333,16.388,0.093,14.878,4.138,,9.338,0.185,,3.286,,,,0.13,2.802,0.168,,0.535,0.416,0.436,1.008,0.254,0.158,,,0.194,0.195,0.42,0.517,0.547,,,0.125,0.105,0.231,,0.257,,0.075,0.154,,,,,,,,,,,
11/15/2017 19:43,11/15/2017 20:13,1.613,1.124,29.622,0.338,16.711,4.397,0.064,10.628,0.238,,4.578,0.062,,,0.215,4.238,0.304,,0.991,0.813,0.928,2.151,0.55,0.643,0.115,0.108,0.475,0.454,0.97,1.048,1.054,0.067,,0.237,0.192,0.378,0.085,0.542,,0.155,0.212,,0.074,,,,,0.084,,0.102,,
11/15/2017 20:43,11/15/2017 21:13,1.78,1.759,68.672,0.355,42.969,11.946,0.062,28.822,0.553,,12.439,0.112,0.064,,0.589,12.217,0.875,,2.724,2.172,2.554,5.899,1.194,1.92,0.292,0.222,1.114,1.151,2.459,2.613,1.891,0.063,,0.468,0.335,0.646,0.11,0.718,,0.182,0.212,,0.065,,,,,0.076,,0.05,,
11/15/2017 21:43,11/15/2017 22:13,1.568,1.753,57.595,0.292,35.952,10.177,0.058,24.566,0.517,,10.939,0.104,0.064,,0.514,10.922,0.772,,2.476,1.999,2.292,5.381,1.01,1.673,0.259,0.209,1.09,1.013,2.13,2.603,1.689,,,0.414,0.316,0.583,0.095,0.635,,0.166,0.192,,,,,,,,,0.056,,
11/15/2017 22:42,11/15/2017 23:12,1.635,1.806,75.803,0.285,47.99,13.526,,32.834,0.681,,14.639,0.123,0.071,,0.688,14.515,1.038,,3.288,2.561,2.939,7.014,1.226,1.898,0.359,0.238,1.101,1.29,2.532,3.154,2.01,,,0.482,0.381,0.721,0.099,0.704,,0.181,0.237,,0.058,,,,,0.071,,0.091,,
11/15/2017 23:42,11/16/2017 0:12,1.569,1.29,333.59,0.586,252.934,73.084,,176.538,3.505,,77.854,0.573,0.295,0.11,1.805,82.336,6.054,,17.417,14.223,15.938,40.509,6.69,13.256,1.95,1.318,6.119,7.29,15.536,17.749,9.336,,0.249,2.869,2.215,4.09,0.354,3.094,,0.719,1.248,,0.16,0.064,0.15,0.093,,0.249,,0.415,,0.142
11/16/2017 0:42,11/16/2017 1:12,1.649,1.197,202.917,0.491,152.102,45.106,,109.814,2.187,,49.108,0.333,0.183,,2.299,51.875,3.825,,11.413,9.073,10.451,25.52,4.744,8.685,1.283,0.907,4.057,4.869,10.321,10.732,7.291,,0.183,2.02,1.576,3.202,0.31,2.863,,0.685,1.259,,0.211,0.073,0.168,0.104,,0.3,0.05,0.499,,0.22
11/16/2017 1:42,11/16/2017 2:12,1.818,1.419,60.769,0.319,41.42,11.898,,28.13,0.585,,12.112,0.1,0.07,,0.552,11.633,0.847,,2.673,2.115,2.373,5.663,1.306,1.869,0.319,0.272,0.939,1.018,2.322,2.56,2.294,0.201,0.053,0.52,0.43,0.896,0.14,1.082,,0.284,0.475,,0.103,,0.079,,,0.151,,0.238,,0.119
11/16/2017 2:41,11/16/2017 3:11,1.919,1.548,117.056,0.604,88.907,28.128,,66.126,1.336,,31.086,0.214,0.118,,1.44,31.948,2.539,,6.92,5.493,6.284,15.52,2.587,5.147,0.764,0.536,3.053,2.997,6.159,7.195,4.378,0.075,0.125,1.228,1.014,1.902,0.219,1.734,,0.408,0.744,,0.148,0.052,0.112,0.069,,0.206,,0.344,0.151,0.17
11/16/2017 3:41,11/16/2017 4:11,2.613,2.007,99.25,0.387,70.087,20.928,,51.736,0.956,,23.7,0.174,0.098,,1.087,23.935,1.719,,4.98,3.567,4.661,11.2,2.299,3.707,0.599,0.447,2.165,2.131,4.367,5.389,3.844,0.352,0.076,0.979,0.733,1.597,0.211,1.798,,0.444,0.812,,0.162,0.053,0.124,0.077,,0.235,,0.391,0.075,0.172
11/16/2017 4:41,11/16/2017 5:11,2.361,1.84,208.595,0.441,146.862,42.004,,100.173,2.051,,45.16,0.299,0.161,0.062,2.049,45.774,3.239,,9.589,7.962,8.79,21.197,3.47,6.986,0.937,0.721,3.926,3.756,7.835,9.453,5.099,0.117,0.157,1.477,1.123,2.137,0.204,1.781,,0.399,0.675,,0.114,,0.102,0.062,,0.171,,0.232,0.068,0.098
11/16/2017 5:41,11/16/2017 6:11,1.833,1.587,150.661,0.339,93.478,26.752,,64.733,1.332,,30.88,0.214,0.12,,1.41,31.35,2.223,,7.24,5.76,6.451,15.592,2.525,5.165,0.763,0.538,2.979,2.723,5.924,7.278,4.052,0.059,0.106,1.161,0.906,1.757,0.18,1.573,,0.357,0.637,,0.116,,0.091,0.056,,0.159,,0.221,0.053,0.095
11/16/2017 6:40,11/16/2017 7:10,2.122,1.414,277.241,0.61,204.194,58.293,,138.485,2.821,,63.092,0.417,0.214,0.072,2.837,63.43,4.474,,13.87,10.831,11.794,29.11,4.582,9.35,1.449,0.906,5.304,4.893,10.24,12.474,6.41,0.065,0.137,1.862,1.423,2.677,0.265,2.258,,0.5,0.835,,0.154,0.05,0.121,0.075,,0.216,,0.282,,0.114
11/16/2017 7:40,11/16/2017 8:10,2.408,1.739,53.18,0.484,34.105,10.51,,26.459,0.593,,13.626,0.14,0.085,0.052,0.644,13.706,,,3.341,2.659,3.028,7.173,1.364,2.327,0.425,0.315,1.463,1.397,2.93,3.624,2.404,0.163,0.063,0.64,0.44,1.003,0.153,1.077,,,0.407,,0.116,,0.065,,,0.16,,0.164,,0.085
11/16/2017 8:40,11/16/2017 9:10,1.817,1.225,210.016,0.456,90.681,18.78,,39.376,0.829,,14.067,0.124,0.064,,0.633,13.417,0.829,,2.725,2.13,2.318,5.688,1.214,1.757,0.294,0.229,1.088,1.65,2.421,2.937,2.102,0.094,,0.605,0.448,0.926,0.129,0.981,,0.23,0.361,,0.097,,0.063,,0.148,0.119,,0.154,,0.067