StartTime_[LST],EndTime_[LST],ethylene_[ppbV],acetylene_[ppbV],ethane_[ppbV],propylene_[ppbV],propane_[ppbV],isobutane_[ppbV],cis-2-butene_[ppbV],n-butane_[ppbV],trans-2-butene_[ppbV],1-butene_[ppbV],isopentane_[ppbV],1-pentene_[ppbV],isoprene_[ppbV],cis-2-pentene_[ppbV],trans-2-pentene_[ppbV],n-pentane_[ppbV],cyclopentane_[ppbV],"2,2-dimethyl-butane_[ppbV]","2,3-dimethyl-butane_[ppbV]",2-methyl-pentane_[ppbV],3-methyl-pentane_[ppbV],methyl-cyclopentane_[ppbV],n-hexane_[ppbV],benzene_[ppbV],"2,4-dimethyl-pentane_[ppbV]",2-methyl-hexane_[ppbV],"2,3-dimethyl-pentane_[ppbV]",3-methyl-hexane_[ppbV],n-heptane_[ppbV],methyl-cyclohexane_[ppbV],toluene_[ppbV],"2,2,4-trimethyl-pentane_[ppbV]","2,3,4-trimethyl-pentane_[ppbV]",2-methyl-heptane_[ppbV],3-methyl-heptane_[ppbV],n-octane_[ppbV],ethyl-benzene_[ppbV],"m,p-xylene_[ppbV]",o-xylene_[ppbV],n-nonane_[ppbV],"1,3,5-trimethyl-benzene_[ppbV]",m-ethyl-toluene_[ppbV],"1,2,4-trimethyl-benzene_[ppbV]","1,2,3-trimethyl-benzene_[ppbV]",p-ethyl-toluene_[ppbV],n-decane_[ppbV],n-undecane_[ppbV]
10/13/2017 12:10,10/13/2017 12:40,0.843,0.603,10.906,0.119,6.104,1.419,,3.235,0.91,,1.371,,,,,1.254,0.071,,,0.263,0.189,0.183,0.408,0.203,,0.122,,0.151,0.173,0.119,0.34,,,,,,,0.105,0.051,,,,,,,,
10/13/2017 13:10,10/13/2017 13:40,0.233,0.167,7.684,,4.788,0.875,,2.056,0.572,,0.636,,,,,0.582,,,,0.104,0.06,0.065,0.169,0.095,,,,,0.054,,0.074,,,,,,,,,,,,,,,,
10/13/2017 14:10,10/13/2017 14:40,0.184,0.118,8.046,,5.654,0.952,,2.167,0.612,,0.588,,,,,0.625,,,,0.081,,0.062,0.146,0.089,,,,,0.059,,,,,,,,,,,,,,,,,,
10/13/2017 15:09,10/13/2017 15:39,0.177,0.172,8.154,,5.514,0.993,,2.149,0.599,,0.639,,,,,0.658,,,,0.098,0.066,0.08,0.184,0.089,,,,0.057,0.079,0.054,,,,,,,,,,,,,,,,,
10/13/2017 16:09,10/13/2017 16:39,0.17,0.125,9.456,,6.718,1.205,,2.778,0.787,,0.733,,,,,0.783,,,,0.125,0.089,0.095,0.239,0.084,,,,,0.08,,,,,,,,,,,,,,,,,,
10/13/2017 17:09,10/13/2017 17:39,0.535,0.125,11.268,0.091,7.376,1.367,,3.084,0.871,,0.846,,,,,0.899,0.053,,,0.136,0.091,0.11,0.267,0.109,,,,,0.077,0.054,,,,,,,,,,,,,,,,,
10/13/2017 18:09,10/13/2017 18:39,1.344,0.597,11.545,0.2,6.15,1.317,,2.898,0.823,,1.052,,,,,0.874,,,,0.181,0.129,0.123,0.291,0.195,,,,0.08,0.109,0.068,0.209,,,,,,,0.083,,,,,,,,,
10/13/2017 19:09,10/13/2017 19:39,1.099,0.582,12.78,0.223,7.665,1.676,,3.644,1.045,,1.359,,,,,1.161,0.063,,,0.219,0.177,0.165,0.37,0.225,,0.082,,0.114,0.137,0.088,0.351,,,,,,,0.13,0.063,,,,,,,,
10/13/2017 20:10,10/13/2017 20:40,1.269,0.768,13.15,0.262,7.426,1.747,,3.388,0.97,,1.339,,,,,1.127,0.066,,,0.236,0.187,0.18,0.41,0.243,,0.111,,0.126,0.144,0.088,0.412,0.057,,,,,,0.145,,,,,,,,,
10/13/2017 21:12,10/13/2017 21:42,1.775,1.176,14.564,0.295,7.321,1.907,,3.411,0.978,0.052,1.528,,0.083,,0.059,1.274,0.075,,,0.289,0.224,0.216,0.473,0.291,,0.113,0.053,0.163,0.158,0.094,0.575,0.07,,,,,0.071,0.206,0.08,,,,,,0.052,,
10/13/2017 22:12,10/13/2017 22:42,1.677,1.029,16.732,0.326,8.16,2.104,,3.808,1.086,0.066,1.731,,0.082,,0.065,1.394,0.083,,,0.298,0.212,0.235,0.542,0.312,,0.092,,0.172,0.17,0.103,0.63,0.079,,,,,0.077,0.238,0.081,,,0.05,,,0.06,0.054,
10/13/2017 23:14,10/13/2017 23:44,1.437,0.888,18.26,0.247,8.365,2.073,,3.744,1.064,0.057,1.591,,0.052,,,1.322,0.08,,,0.262,0.227,0.206,0.474,0.276,0.064,0.108,,0.179,0.162,0.09,0.553,0.064,,,,,0.07,0.169,0.066,,,,,,0.065,,
10/14/2017 1:18,10/14/2017 1:48,0.944,0.673,15.004,0.125,7.682,1.837,,3.237,0.93,,1.422,,,,,1.217,0.089,,,0.261,0.202,0.188,0.418,0.189,,0.084,,0.117,0.128,0.083,0.394,0.074,,,,,,0.159,,,,,,,,,
10/14/2017 2:18,10/14/2017 2:48,0.932,0.601,17.931,0.18,9.164,2.158,,3.808,1.098,0.067,1.88,,,,0.063,1.478,0.115,,0.064,0.32,0.23,0.217,0.506,0.212,0.158,0.124,0.108,0.169,0.169,0.128,0.485,0.396,0.291,,,,0.051,0.199,0.09,0.052,,,,,0.066,,
10/14/2017 3:21,10/14/2017 3:51,0.912,0.444,15.176,0.146,7.58,1.734,,3.02,0.869,0.058,1.336,,,,,1.104,0.075,,,0.211,0.166,0.155,0.356,0.164,,0.098,,0.115,0.116,0.055,0.351,0.104,0.091,,,,,0.124,0.071,,,,,,,,
10/14/2017 4:23,10/14/2017 4:53,0.821,0.481,14.7,0.145,6.669,1.695,,2.815,0.811,0.061,1.334,,,,0.054,1.035,0.076,,,0.198,0.16,0.151,0.34,0.155,0.06,0.136,,0.184,0.136,0.063,0.309,0.062,0.158,,,,,0.119,0.071,,,,,,,,
10/14/2017 5:24,10/14/2017 5:54,1.024,0.506,17.456,0.134,7.598,3.099,,4.657,1.432,0.225,2.305,0.079,,0.065,0.114,1.653,0.096,,0.076,0.308,0.252,0.216,0.473,0.172,0.165,0.105,0.097,0.129,0.118,0.073,0.421,0.42,0.295,,,,,0.162,0.061,,,0.051,,,,,
10/14/2017 6:26,10/14/2017 6:56,1.069,0.512,20.131,0.175,10.875,2.706,,5.203,1.528,0.139,2.065,,,,0.088,1.908,0.113,,,0.381,0.285,0.292,0.675,0.195,,0.115,,0.14,0.171,0.15,0.408,0.107,,,,,,0.151,,,,,,,,,
10/14/2017 7:29,10/14/2017 7:59,1.05,0.459,24.317,0.177,17.21,3.707,,8.154,2.367,0.147,2.485,,,,0.083,2.8,0.17,,,0.384,0.311,0.359,0.808,0.201,0.054,0.146,,0.165,0.244,0.232,0.301,,,,,0.084,,0.123,,0.062,,,,,,,
10/14/2017 15:16,10/14/2017 15:46,,,1.305,,0.44,0.202,,0.117,,,,,,,,,,,,,,,,,,,,,,,,,,,,,,,,,,,,,,,
10/14/2017 16:18,10/14/2017 16:48,,,1.163,,0.496,0.098,,0.168,,,,,,,,,,,,,,,,,,,,,,,,,,,,,,,,,,,,,,,
10/14/2017 17:18,10/14/2017 17:48,0.289,0.104,3.221,,2.133,0.551,,0.958,0.253,,0.456,,,,,0.405,,,,0.056,,0.05,0.125,0.056,,,,,0.051,,,,,,,,,,,0.06,,,,,0.058,0.125,0.177
10/14/2017 18:18,10/14/2017 18:48,0.596,0.167,5.844,0.114,3.405,0.766,,1.487,0.407,,0.535,,,,,0.52,,,,0.099,0.057,0.084,0.165,0.105,,,,,0.06,,0.08,,,,,,,0.067,,,,,,,,,
10/14/2017 19:19,10/14/2017 19:49,0.492,0.142,6.609,0.094,3.703,0.777,,1.657,0.459,,0.525,,,,,0.56,,,,0.104,0.066,0.085,0.205,0.101,,,,0.051,0.102,0.075,0.05,,,,,,,,,,,,,,,,
10/14/2017 20:22,10/14/2017 20:52,0.745,0.402,5.704,0.159,3.645,0.95,,2.38,0.675,,0.963,,,,,0.883,,,,0.156,0.093,0.114,0.243,0.15,,,,0.053,0.088,0.06,0.163,,,,,,,0.114,,,,,,,,,
10/14/2017 21:24,10/14/2017 21:54,0.954,0.463,5.636,0.163,2.513,0.733,,1.538,0.423,,0.724,,,,,0.709,,,,0.125,0.071,0.079,0.196,0.13,,,,,0.083,0.061,0.151,,,,,,,0.093,,,,,,,,,
10/14/2017 22:27,10/14/2017 22:57,1.332,0.727,11.241,0.307,4.298,1.259,,2.654,0.759,0.056,1.296,,,,,1.076,0.054,,,0.21,0.132,0.139,0.295,0.201,,0.088,,0.111,0.114,0.071,0.289,,,,,,,0.144,0.056,,,,,,0.057,,
10/14/2017 23:30,10/15/2017 0:00,1.159,0.702,8.446,0.262,3.164,1.024,,2.09,0.599,,1.016,,,,,0.746,,,,0.156,0.117,0.116,0.236,0.165,,0.059,,0.062,0.086,,0.215,,,,,,,0.112,0.053,,,,,,,,
10/15/2017 0:32,10/15/2017 1:02,1.273,0.778,10.621,0.269,3.661,0.921,,1.816,0.511,,0.832,,,,,0.668,,,,0.134,0.112,0.105,0.218,0.162,,,,0.056,0.08,,0.259,,,,,,,0.135,,,,0.052,,,0.066,,
10/15/2017 1:34,10/15/2017 2:04,0.889,0.552,9.42,0.153,4.383,0.954,,1.881,0.527,,0.78,,,,,0.649,,,,0.133,0.086,0.103,0.229,0.126,,,,,0.081,,0.177,,,,,,,0.098,,,,,,,,,
10/15/2017 2:36,10/15/2017 3:06,0.825,0.52,11.582,0.145,5.471,1.109,,2.183,0.603,,0.877,,,,,0.758,,,,0.151,0.115,0.125,0.281,0.124,,0.066,,0.067,0.095,0.07,0.18,,,,,,,0.098,,,,,,,,,
10/15/2017 3:38,10/15/2017 4:08,0.827,0.4,15.838,0.131,8.694,1.817,,3.558,1.022,,1.331,,,,,1.2,0.064,,0.065,0.231,0.158,0.194,0.416,0.129,0.126,,0.107,0.089,0.132,0.121,0.231,0.291,0.212,,,,,0.09,,,,,,,,,
10/15/2017 4:41,10/15/2017 5:11,0.996,0.542,19.788,0.155,11.197,2.235,,4.665,1.336,0.071,1.576,,,,,1.483,0.086,,,0.265,0.177,0.229,0.516,0.149,0.105,0.106,0.052,0.117,0.168,0.153,0.249,0.16,0.155,,,0.054,,0.114,,,,,,,,,
10/15/2017 5:44,10/15/2017 6:14,1.12,0.613,22.996,0.159,13.68,2.864,,5.704,1.642,0.092,1.787,,,,,1.836,0.112,,,0.296,0.204,0.222,0.598,0.169,,0.091,,0.121,0.195,0.187,0.243,,,,,0.067,,0.118,,,,,,,,,
10/15/2017 6:46,10/15/2017 7:16,1.319,0.791,17.377,0.21,8.321,1.661,,3.374,0.961,,1.128,,,,,1.151,0.071,,,0.212,0.149,0.158,0.396,0.172,,0.091,,0.111,0.145,0.115,0.249,,,,,,,0.148,,,,,,,,,
10/15/2017 7:49,10/15/2017 8:19,0.706,0.248,17.925,0.079,18.763,6.243,,13.163,3.805,0.227,3.323,,,,0.068,3.286,0.155,,,0.37,0.246,0.281,0.73,0.137,,0.113,,0.128,0.19,0.166,0.08,,,,,,,,,,,,,,,,
10/15/2017 8:49,10/15/2017 9:19,0.567,0.175,16.677,,11.549,2.404,,5.461,1.552,0.06,1.647,,,,,1.895,0.119,,,0.273,0.198,0.253,0.586,0.127,,0.084,,0.091,0.196,0.197,0.078,,,,,0.058,,,,,,,,,,,
10/15/2017 9:49,10/15/2017 10:19,0.62,0.298,18.425,,12.747,2.577,,5.911,1.688,0.066,1.695,,,,,1.904,0.119,,,0.272,0.187,0.259,0.614,0.13,,0.064,,0.096,0.202,0.162,0.091,,,,,0.064,,,,,,,,,,,
10/15/2017 10:49,10/15/2017 11:19,1.666,0.356,35.676,0.088,18.014,4.183,,9.18,2.639,0.153,2.751,,,,0.072,2.959,0.181,,,0.427,0.349,0.405,0.908,0.18,,0.12,,0.14,0.32,0.333,0.162,,,0.067,,0.113,,0.067,,0.056,,,,,,,
10/15/2017 11:49,10/15/2017 12:19,0.851,0.477,25.706,0.093,17.98,4.233,,8.913,2.574,0.133,2.638,,,,0.07,2.912,0.183,,,0.41,0.297,0.377,0.881,0.196,,0.096,,0.149,0.294,0.28,0.161,,,0.054,,0.101,,0.059,,0.052,,,,,,,
10/15/2017 12:48,10/15/2017 13:18,0.735,0.328,35.252,0.109,23.376,4.965,,10.601,3.072,0.178,3.113,,,,0.091,3.463,0.218,,,0.494,0.409,0.459,1.097,0.273,,0.126,,0.196,0.375,0.365,0.239,,,0.083,,0.128,,0.063,0.06,0.052,,,,,,,
10/15/2017 13:48,10/15/2017 14:18,0.656,0.287,33.071,0.071,21.987,4.668,,9.467,2.741,0.147,2.773,,,,0.066,2.975,0.18,,,0.431,0.305,0.366,0.884,0.221,,0.101,,0.153,0.311,0.282,0.181,,,0.054,,0.101,,,,,,,,,,,
10/15/2017 14:48,10/15/2017 15:18,0.634,0.316,29.406,,19.38,4.045,,8.377,2.409,0.124,2.453,,,,0.059,2.681,0.163,,,0.399,0.278,0.356,0.897,0.213,,0.132,,0.143,0.316,0.282,0.152,,,0.058,,0.092,,,,,,,,,,,
10/15/2017 17:47,10/15/2017 18:17,1.871,2.946,27.763,0.467,18.531,4.044,,8.232,2.419,0.158,2.718,,,,0.109,2.748,0.163,,,0.45,0.32,0.377,0.916,0.391,0.158,0.257,0.171,0.315,0.372,0.273,0.474,0.3,0.276,0.072,0.061,0.111,0.071,0.261,0.088,,0.06,0.064,,,0.077,,
10/15/2017 18:48,10/15/2017 19:18,1.681,0.741,28.727,0.415,18.639,3.924,,8.285,2.433,0.165,2.698,,,,0.099,2.796,0.174,0.063,,0.451,0.318,0.385,0.932,0.356,0.077,0.181,0.066,0.211,0.334,0.22,0.45,0.065,,0.065,,0.109,0.065,0.218,0.064,,0.06,0.064,,,0.051,,
10/15/2017 19:49,10/15/2017 20:19,1.298,0.586,29.472,0.256,18.438,4.292,,8.218,2.389,0.155,2.712,,,,0.101,2.772,0.165,,,0.448,0.321,0.371,0.878,0.3,0.077,0.229,0.073,0.302,0.355,0.256,0.395,0.091,0.117,0.061,,0.092,0.05,0.179,0.055,0.051,,,,,0.055,0.054,
10/15/2017 20:50,10/15/2017 21:20,1.629,0.724,31.018,0.285,18.542,4.747,,8.67,2.528,0.189,3.008,,,,0.122,2.863,0.169,,,0.457,0.343,0.381,0.884,0.308,0.079,0.194,0.08,0.238,0.316,0.24,0.478,0.109,0.185,0.064,,0.085,0.053,0.23,0.07,0.056,0.051,0.054,,,0.076,,
10/15/2017 21:52,10/15/2017 22:22,1.557,0.628,27.183,0.258,16.495,4.43,,8.083,2.374,0.179,2.847,,,,0.118,2.584,0.151,,,0.42,0.326,0.352,0.799,0.29,0.069,0.16,0.083,0.206,0.255,0.219,0.498,0.13,0.056,0.056,,0.08,0.057,0.224,0.073,,,,,,0.071,,
10/15/2017 22:54,10/15/2017 23:24,1.248,1.253,21.648,0.185,12.201,3.111,,5.905,1.688,0.088,2.041,,,,0.074,1.974,0.12,,,0.321,0.239,0.274,0.617,0.24,,0.112,,0.119,0.193,0.162,0.41,0.07,,,,0.059,,0.177,0.058,,,,,,,,
10/15/2017 23:55,10/16/2017 0:25,0.905,0.683,17.436,0.086,9.921,2.427,,4.853,1.389,0.065,1.694,,,,0.055,1.598,0.101,,,0.254,0.199,0.213,0.491,0.17,,0.087,,0.11,0.157,0.114,0.299,0.069,,,,,,0.139,0.064,,,,,,,,
10/16/2017 0:57,10/16/2017 1:27,0.945,0.639,126.425,0.125,61.756,13.52,,24.799,7.297,0.497,7.987,,,,0.252,7.919,0.418,0.137,,1.291,0.985,1.141,2.718,0.402,0.178,0.448,0.132,0.546,0.92,1.157,0.71,0.053,,0.174,0.14,0.248,,0.285,0.088,0.09,,,,,0.053,,
10/16/2017 1:58,10/16/2017 2:28,0.645,0.377,26.033,,11.856,2.498,,4.599,1.318,0.057,1.547,,,,,1.463,0.076,,,0.252,0.175,0.197,0.486,0.121,,0.056,,0.095,0.157,0.155,0.17,,,,,,,0.075,,,,,,,,,
10/16/2017 3:00,10/16/2017 3:30,0.749,0.527,27.949,0.074,13.921,3.464,,6.855,1.981,0.109,2.851,,,,0.082,2.88,0.186,,0.052,0.613,0.461,0.594,1.3,0.249,0.075,0.247,0.128,0.3,0.505,0.645,0.467,,,0.102,0.073,0.136,,0.191,0.052,0.053,,,,,,,
10/16/2017 4:02,10/16/2017 4:32,1.375,0.786,67.414,0.214,35.485,8.839,,18.013,5.192,0.345,8.151,,,,0.282,9.037,0.661,0.199,0.103,2.207,1.785,2.452,5.434,0.828,0.335,1.275,0.355,1.417,2.707,3.721,1.869,0.058,,0.586,0.492,0.855,0.096,0.829,0.146,0.249,0.064,0.07,,0.063,0.108,,
10/16/2017 5:04,10/16/2017 5:34,1.006,0.568,30.534,0.139,14.777,3.594,,7.384,2.118,0.133,3.499,,,,0.122,3.96,0.329,0.075,,1.198,1.005,1.55,3.164,0.521,0.24,0.951,0.272,1.13,2.233,3.122,1.617,0.191,0.114,0.536,0.444,0.836,0.09,0.812,0.14,0.264,0.068,0.067,,0.06,0.103,0.09,
10/16/2017 6:06,10/16/2017 6:36,1.606,0.807,23.499,0.295,9.521,2.465,,4.812,1.384,0.091,2.085,,,,0.089,2.113,0.16,,0.052,0.607,0.461,0.67,1.357,0.345,0.139,0.44,0.111,0.52,0.962,1.25,0.925,0.111,,0.24,0.213,0.372,0.075,0.5,0.114,0.142,0.061,0.064,,0.06,0.083,0.064,
10/16/2017 7:09,10/16/2017 7:39,1.978,1.007,18.319,0.437,6.877,1.964,,3.646,1.053,0.087,1.647,,,,0.078,1.404,0.104,,,0.393,0.279,0.323,0.765,0.321,0.059,0.233,0.077,0.279,0.495,0.596,0.798,0.116,,0.138,0.127,0.208,0.087,0.429,0.104,0.078,0.07,0.073,,0.063,0.106,,
10/16/2017 10:36,10/16/2017 11:06,,,1.046,,0.22,0.055,,0.092,,,0.061,,,,,,,,,,,,,,,,,,,,,,,,,,,,,,,,,,,,
10/16/2017 11:36,10/16/2017 12:06,,,0.899,,0.2,,,0.105,,,0.085,,,,,,,,,,,,,,,,,,,,,,,,,,,,,,,,,,,,
10/16/2017 12:36,10/16/2017 13:06,,0.116,1.074,,0.38,0.052,,0.115,,,0.072,,,,,,,,,,,,,,,,,,,,,,,,,,,,,,,,,,,,
10/16/2017 13:35,10/16/2017 14:05,,,1.201,,0.451,0.159,,0.286,0.057,,0.153,,,,,0.109,,,,,,,,,,,,,,,,,,,,,,,,,,,,,,,
10/16/2017 14:35,10/16/2017 15:05,0.351,0.265,1.544,,0.654,0.294,,0.697,0.183,,0.435,,0.058,,,0.274,,,,0.07,,,0.096,,,,,,,,0.125,,,,,,,,,,,,,,,,
10/16/2017 16:34,10/16/2017 17:04,0.527,0.263,2.32,0.072,0.955,0.377,,0.888,0.236,,0.57,,0.068,,,0.315,,,,0.12,0.094,0.092,0.215,0.079,,,,0.053,0.054,,0.412,,,,,,,0.091,,,,,,,,,
10/16/2017 17:34,10/16/2017 18:04,0.936,0.379,4.767,0.229,4.359,2.14,,4.703,1.352,0.09,2.098,,0.068,,0.068,1.815,0.108,,,0.347,0.267,0.302,0.719,0.197,0.084,0.207,0.076,0.341,0.32,0.178,0.615,0.097,,0.054,,0.089,0.059,0.26,0.089,0.066,0.053,0.059,,0.057,0.088,0.073,0.052
10/16/2017 18:34,10/16/2017 19:04,1.089,0.443,7.943,0.278,4.117,1.398,,2.629,0.761,,1.433,,0.065,,,1.028,0.07,,,0.258,0.195,0.231,0.502,0.198,0.072,0.15,0.065,0.133,0.217,0.191,0.601,0.161,0.181,0.057,,0.086,0.059,0.266,0.087,0.056,0.054,0.059,,,0.085,,
10/16/2017 19:35,10/16/2017 20:05,0.651,0.196,4.09,0.122,2.047,0.581,,1.066,0.29,,0.541,,,,,0.359,,,,0.108,0.073,0.085,0.193,0.093,,0.073,,0.055,0.081,,0.261,,,,,,,0.105,,,,,,,,,
10/16/2017 20:36,10/16/2017 21:06,0.726,0.288,4.888,0.125,2.045,0.617,,1.008,0.276,,0.643,,,,,0.474,,,,0.152,0.098,0.134,0.278,0.142,,0.055,,0.095,0.157,0.158,0.257,,,0.053,,0.091,,0.168,0.054,,,,,,,0.055,
10/16/2017 21:38,10/16/2017 22:08,0.527,0.167,4.533,0.074,1.864,0.614,,0.771,0.203,,0.497,,,,,0.351,,,,0.097,0.071,0.09,0.182,0.085,,0.075,,0.1,0.112,0.077,0.182,,,,,,,0.126,,,,,,,,,
10/16/2017 22:40,10/16/2017 23:10,1.193,0.716,10.82,0.275,7.666,2.179,,4.908,1.422,0.078,1.976,,,,0.051,1.673,0.113,,,0.31,0.237,0.286,0.592,0.205,0.054,0.095,,0.158,0.199,0.16,0.605,0.062,0.063,0.054,,0.063,0.07,0.283,0.094,0.055,0.056,0.06,,,0.087,,
10/16/2017 23:42,10/17/2017 0:12,1.259,0.671,8.397,0.334,3.586,1.612,,3.53,1.053,0.096,1.874,0.054,,,0.059,1.296,0.079,,,0.278,0.216,0.22,0.458,0.22,0.082,0.134,0.079,0.147,0.164,0.1,0.65,0.209,0.19,,,0.055,0.087,0.334,0.094,,0.068,0.071,,0.059,0.097,0.08,
10/17/2017 0:43,10/17/2017 1:13,1.412,0.764,13.412,0.347,5.242,1.852,,3.633,1.073,0.103,1.863,0.061,0.054,,0.07,1.34,0.079,0.052,,0.314,0.213,0.243,0.455,0.224,0.087,0.33,0.109,0.372,0.279,0.101,0.675,0.171,0.173,,,0.052,0.097,0.329,0.092,,0.052,0.071,,0.064,0.103,,
10/17/2017 1:45,10/17/2017 2:15,0.969,0.529,14.28,0.215,5.324,1.535,,2.723,0.791,,1.304,,,,,1.09,0.073,,0.08,0.247,0.171,0.177,0.404,0.156,,0.175,0.051,0.203,0.247,0.219,0.507,0.067,0.071,0.077,0.067,0.123,0.069,0.301,0.061,,0.055,0.058,,,0.085,,
10/17/2017 2:47,10/17/2017 3:17,0.953,0.532,11.751,0.16,4.024,1.217,,2.09,0.552,,1.142,,,,,0.861,0.064,,,0.226,0.156,0.172,0.348,0.15,0.065,0.175,0.056,0.206,0.225,0.189,0.481,0.103,,0.063,0.056,0.123,0.065,0.305,0.103,0.075,,0.069,,,0.088,,
10/17/2017 3:48,10/17/2017 4:18,0.936,0.472,11.256,0.207,4.667,1.756,,2.39,0.675,,1.82,,,,,1.245,0.15,,,0.216,0.175,0.204,0.405,0.136,0.054,0.141,0.06,,0.168,0.128,0.465,0.069,0.071,,,0.068,0.058,0.252,0.068,,,,,0.05,0.082,,
10/17/2017 4:50,10/17/2017 5:20,1.52,0.845,16.887,0.3,5.964,1.665,,2.712,0.779,0.053,1.525,,,,0.075,1.2,0.1,,,0.289,0.237,0.268,0.588,0.22,0.069,0.178,0.069,0.201,0.236,0.215,0.622,0.111,0.111,0.066,0.069,0.113,0.074,0.35,0.105,0.062,0.069,0.079,,0.061,0.116,0.056,
10/17/2017 5:53,10/17/2017 6:23,2.231,1.763,11.72,0.626,4.806,1.316,0.058,2.314,0.68,0.087,1.221,,,,0.09,0.979,0.067,,0.066,0.265,0.246,0.278,0.702,0.294,0.063,0.139,0.079,0.14,0.164,0.109,0.646,0.118,0.09,,0.062,0.055,0.088,0.356,0.126,,0.075,0.082,,0.069,0.13,,
10/17/2017 6:55,10/17/2017 7:25,2.382,1.48,15.679,0.582,9.161,3.153,,4.893,1.422,0.125,1.799,,,,0.097,1.707,0.116,,,0.351,0.272,0.336,0.763,0.362,0.064,0.157,0.06,0.173,0.218,0.175,0.671,0.238,0.13,0.07,0.061,0.073,0.095,0.375,0.106,,0.08,0.083,,0.072,0.119,,
10/17/2017 9:57,10/17/2017 10:27,1.225,0.762,4.739,0.239,1.57,0.654,,1.379,0.376,,0.763,,0.059,,,0.503,,,,0.184,0.133,0.147,0.326,0.179,,0.081,,0.102,0.104,,0.429,0.06,,,,,0.061,0.196,0.056,,,0.05,,,0.058,,
10/17/2017 10:57,10/17/2017 11:27,0.307,0.166,2.102,,0.822,0.25,,0.577,0.14,,0.369,,,,,0.227,,,,0.081,0.057,0.07,0.177,0.056,,,,,,,0.151,,,,,,,,,,,,,,,,
10/17/2017 11:57,10/17/2017 12:27,0.467,0.272,2.334,,0.998,0.307,,0.739,0.187,,0.468,,,,,0.372,,,,0.079,0.055,0.059,0.142,0.061,,,,,,,0.159,,,,,,,,,,,,,,,,
10/17/2017 12:57,10/17/2017 13:27,0.343,0.237,2.439,,1.117,0.355,,0.848,0.22,,0.492,,,,,0.4,,,,0.092,,0.052,0.137,0.067,,,,,,,0.137,,,,,,,,,,,,,,,,
10/17/2017 13:56,10/17/2017 14:26,0.139,0.052,2.161,,0.909,0.22,,0.508,0.117,,0.225,,,,,0.162,,,,,,,0.068,,,,,,,,,,,,,,,,,,,,,,,,
10/17/2017 15:56,10/17/2017 16:26,0.555,0.319,2.162,,0.854,0.435,,0.936,0.254,,0.751,,,,,0.432,,,,0.116,0.098,0.063,0.164,0.055,,,,,0.057,,0.266,,,,,,,,,,,,,,,,
10/17/2017 16:56,10/17/2017 17:26,0.89,0.546,2.623,0.152,1.404,0.616,,1.271,0.347,,0.815,,0.058,,,0.446,,,,0.144,0.133,0.147,0.387,0.136,,0.067,,0.057,0.085,,0.51,0.05,,,,,,0.131,0.068,,,,,,,,
10/17/2017 17:55,10/17/2017 18:25,1.079,0.57,5.956,0.232,2.251,1.087,,1.973,0.571,,1.216,,,,,0.673,,,0.114,0.209,0.162,0.17,0.413,0.188,0.062,0.094,,0.116,0.129,0.063,0.717,0.139,0.107,,,,0.069,0.232,0.1,,,0.051,,,0.072,,
10/17/2017 18:55,10/17/2017 19:25,0.831,0.366,3.872,0.139,1.64,0.9,,1.408,0.386,,0.816,,,,,0.482,,,,0.153,0.117,0.128,0.335,0.127,,,,0.074,0.077,,0.431,,,,,,,0.158,0.063,,,,,,0.058,,
10/17/2017 19:56,10/17/2017 20:26,0.682,0.277,3.971,0.117,2.076,0.869,,1.155,0.323,,0.738,,,,,0.464,,,,0.135,0.112,0.129,0.306,0.115,,,,,0.065,,0.344,,,,,,,0.13,,,,,,,,,
10/17/2017 20:56,10/17/2017 21:26,0.199,,1.782,,0.831,0.272,,0.408,0.093,,0.243,,,,,0.142,,,,,,,0.079,,,,,,,,,,,,,,,,,,,,,,,,
10/17/2017 21:58,10/17/2017 22:28,0.119,,1.616,,0.471,0.135,,0.225,,,0.132,,,,,0.085,,,,,,,,,,,,,,,,,,,,,,,,,,,,,,,
10/17/2017 22:58,10/17/2017 23:28,0.189,,2.292,,0.664,0.177,,0.259,0.052,,0.136,,,,,0.086,,,,,,,,,,,,,,,,,,,,,,,,,,,,,,,
10/17/2017 23:58,10/18/2017 0:28,0.206,,3.637,,1.301,0.261,,0.419,0.097,,0.16,,,,,0.127,,,,,,,,,,,,,,,,,,,,,,,,,,,,,,,
10/18/2017 0:59,10/18/2017 1:29,0.124,,2.365,,0.762,0.165,,0.277,0.056,,0.18,,,,,0.06,,,,,,,,,,,,,,,,0.073,,,,,,,,,,,,,,,
10/18/2017 2:00,10/18/2017 2:30,,,1.586,,0.559,0.094,,0.19,,,0.092,,,,,0.065,,,,,,,,,,,,,,,,,,,,,,,,,,,,,,,
10/18/2017 3:00,10/18/2017 3:30,0.251,,3.863,,1.627,0.731,,1.049,0.28,,0.755,,,,,0.52,0.052,,,0.075,0.052,0.056,0.156,,,,,0.064,0.059,,0.082,,,,,,,,,,,,,,,,
10/18/2017 4:00,10/18/2017 4:30,0.183,,2.866,,1.004,0.282,,0.384,0.089,,0.279,,,,,0.179,,,,,,,0.064,,,,,,,,,,,,,,,,,,,,,,,,
10/18/2017 5:00,10/18/2017 5:30,0.46,0.128,17.83,0.063,6.882,1.417,,2.503,0.697,,1.046,,,,,0.905,0.054,,,0.199,0.135,0.18,0.414,0.117,,0.099,,0.115,0.188,0.175,0.196,,,,,0.067,,0.125,,,,,,,,,
10/18/2017 6:02,10/18/2017 6:32,1.462,0.473,8.008,0.381,3.736,0.907,,1.678,0.491,,0.915,,,,,0.671,,,,0.174,0.119,0.148,0.3,0.244,,0.096,0.052,0.099,0.125,0.088,0.383,0.081,0.065,,,,0.062,0.253,0.067,,0.074,0.067,,0.05,0.091,,
10/18/2017 7:03,10/18/2017 7:33,2.275,1.895,4.248,0.581,1.901,0.85,,1.822,0.558,0.07,1.269,0.068,,0.069,0.108,0.862,0.058,,,0.261,0.192,0.206,0.377,0.363,,0.141,,0.15,0.152,0.078,0.618,0.087,,,,,0.098,0.39,0.132,,0.083,0.086,,0.069,0.117,,
10/18/2017 8:03,10/18/2017 8:33,2.13,1.246,39.245,0.42,25.406,5.979,,12.561,3.685,0.269,4.407,,,,0.163,4.765,0.305,0.068,,0.794,0.601,0.779,1.848,0.422,0.113,0.391,0.144,0.433,0.724,0.7,0.789,0.162,,0.135,0.129,0.257,0.079,0.388,0.089,0.144,0.06,0.063,,0.062,0.101,0.077,0.074
10/18/2017 9:04,10/18/2017 9:34,2.539,1.055,61.148,0.423,39.865,8.935,,18.601,5.414,0.356,5.991,,,,0.226,6.868,0.476,0.084,,0.977,0.741,1.028,2.384,0.5,0.119,0.503,0.151,0.554,0.995,0.972,1.121,0.081,,0.228,0.177,0.368,0.098,0.464,0.139,0.212,0.08,0.083,,0.083,0.147,0.135,0.118
10/21/2017 1:24,10/21/2017 1:54,,,3.167,,,0.249,,0.477,0.104,,0.189,,,,,0.254,,,,,,,0.075,,,,,,,,,,,,,,,,,,,,,,,,
10/21/2017 2:25,10/21/2017 2:55,,,1.601,,,0.1,,0.175,,,0.092,,,,,0.118,,,,,,,,,,,,,,,,,,,,,,,,,,,,,,,
10/21/2017 3:28,10/21/2017 3:58,,,1.409,,,0.068,,0.155,,,0.067,,,,,0.088,,,,,,,,,,,,,,,,,,,,,,,,,,,,,,,
10/21/2017 4:33,10/21/2017 5:03,,,1.597,,,0.066,,0.145,,,0.064,,,,,0.063,,,,,,,,,,,,,,,,,,,,,,,,,,,,,,,
10/21/2017 5:39,10/21/2017 6:09,0.186,,4.332,,,0.57,,1.403,0.365,,0.42,,,,,0.614,,,,0.073,,0.057,0.151,,,,,,0.055,,,,,,,,,,,,,,,,,,
10/21/2017 6:42,10/21/2017 7:12,0.07,,2.774,,,0.106,,0.235,,,0.089,,,,,0.079,,,,,,,,,,,,,,,,,,,,,,,,,,,,,,,
10/21/2017 7:48,10/21/2017 8:18,0.107,0.1,1.709,,,0.117,,0.233,,,0.09,,,,,0.133,,,,,,,,,,,,,,,,,,,,,,,,,,,,,,,
10/21/2017 8:53,10/21/2017 9:23,,,1.486,,,0.09,,0.161,,,,,,,,0.052,,,,,,,,,,,,,,,,,,,,,,,,,,,,,,,
10/21/2017 10:01,10/21/2017 10:31,,,1.351,,,0.08,,0.136,,,,,,,,,,,,,,,,,,,,,,,,,,,,,,,,,,,,,,,
10/21/2017 15:40,10/21/2017 16:10,,,1.095,,0.359,,,0.068,,,,,,,,,,,,,,,,,,,,,,,,,,,,,,,,,,,,,,,
10/21/2017 16:40,10/21/2017 17:10,0.157,,1.423,,0.597,0.098,,0.214,,,0.073,,,,,0.063,,,,,,,,,,,,0.051,,,,,,,,,,,,,,,,,,,
10/21/2017 17:40,10/21/2017 18:10,0.315,0.077,4.559,,2.877,0.59,,1.444,0.388,,0.506,,,,,0.676,,,,0.104,0.075,0.101,0.233,0.053,,,,,0.09,0.077,,,,,,,,,,,,,,,,,
10/21/2017 18:43,10/21/2017 19:13,0.483,0.263,8.993,0.132,6.508,1.325,,2.972,0.842,,0.991,,,,,1.104,0.073,,,0.185,0.104,0.177,0.368,0.11,,,,0.053,0.153,0.188,0.09,,,0.057,0.063,0.11,,0.104,,0.12,,,,,,0.091,0.057
10/21/2017 19:50,10/21/2017 20:20,0.516,0.194,8.588,0.111,5.589,1.234,,2.879,0.798,,0.869,,,,,0.935,,,,0.136,0.084,0.105,0.279,0.109,,,,,0.097,0.082,0.053,,,,,0.072,,0.07,,0.073,,,,,,,
10/21/2017 20:58,10/21/2017 21:28,0.438,0.174,4.913,0.056,2.781,0.602,,1.383,0.37,,0.519,,,,,0.48,,,,0.09,0.061,0.068,0.162,0.061,,,,,,,,,,,,,,,,,,,,,,,
10/21/2017 22:04,10/21/2017 22:34,0.817,0.364,6.254,0.172,2.579,0.78,,1.698,0.472,,0.729,,,,,0.584,,,,0.121,0.076,0.096,0.222,0.124,,,,,0.072,,0.135,,,,,,,0.072,,,,,,,,,
10/21/2017 23:10,10/21/2017 23:40,0.392,0.146,4.41,,1.557,0.375,,0.61,0.161,,0.267,,,,,0.246,,,,0.052,,,0.092,,,,,,,,,,,,,,,,,,,,,,,,
10/22/2017 0:16,10/22/2017 0:46,0.213,0.177,3.256,,1.101,0.266,,0.311,0.073,,0.141,,,,,0.144,,,,,,,,,,,,,,,,,,,,,,,,,,,,,,,
10/22/2017 1:24,10/22/2017 1:54,,,1.69,,0.684,0.116,,0.177,,,0.074,,,,,0.054,,,,,,,,,,,,,,,,,,,,,,,,,,,,,,,
10/22/2017 2:30,10/22/2017 3:00,0.729,0.183,7.168,,2.14,0.438,,0.942,0.247,,0.329,,,,,0.362,,,,0.057,,,0.107,,,,,,,,,,,,,,,,,,,,,,,,
10/22/2017 3:36,10/22/2017 4:06,0.546,0.253,6.584,0.075,3.606,0.795,,1.749,0.485,,0.664,,,,,0.603,,,,0.101,0.059,0.075,0.185,0.07,,,,,0.073,,,,,,,,,,,,,,,,,,
10/22/2017 4:43,10/22/2017 5:13,0.792,0.457,18.131,0.157,11.071,2.23,,5.052,1.422,0.08,1.619,,,,,1.751,0.101,,,0.268,0.21,0.253,0.549,0.164,,0.113,,0.124,0.206,0.188,0.217,,,,,0.075,,0.12,0.057,,,,,,,,
10/22/2017 5:49,10/22/2017 6:19,1.145,0.487,24.716,0.192,14.472,2.918,,6.83,1.934,0.108,2.186,,,,0.058,2.352,0.149,,,0.333,0.263,0.318,0.717,0.18,0.088,0.203,0.084,0.227,0.294,0.237,0.246,0.168,0.179,0.058,,0.088,,0.137,,,,,,,,,
10/22/2017 6:56,10/22/2017 7:26,1.53,0.702,27.59,0.291,16.498,3.3,,7.615,2.176,0.14,2.333,,,,0.079,2.676,0.177,,,0.425,0.319,0.366,0.82,0.234,,0.215,0.068,0.252,0.322,0.266,0.33,0.087,0.117,0.077,0.057,0.121,,0.206,0.082,0.113,0.052,0.056,,,0.078,,
10/22/2017 8:04,10/22/2017 8:34,0.917,0.888,9.133,0.205,4.975,1.019,,2.275,0.637,,0.86,,,,,0.878,0.054,,,0.162,0.123,0.094,0.29,0.137,,0.058,,0.068,0.104,0.067,0.199,0.068,0.061,,,,,0.104,,,,,,,,,
10/22/2017 12:10,10/22/2017 12:40,0.37,0.294,15.341,,11.262,2.348,,5.434,1.435,0.066,1.616,,,,,1.936,0.118,,,0.276,0.212,0.251,0.61,0.121,,0.076,,0.084,0.194,0.17,0.077,,,,,0.056,,,,,,,,,,,
10/22/2017 13:10,10/22/2017 13:40,,,1.802,,1.071,0.195,,0.471,0.112,,0.149,,,,,0.169,,,,,,,,,,,,,,,,,,,,,,,,,,,,,,,
10/22/2017 14:10,10/22/2017 14:40,,,0.907,,0.259,,,0.064,,,,,,,,,,,,,,,,,,,,,,,,,,,,,,,,,,,,,,,
10/22/2017 15:10,10/22/2017 15:40,0.268,,1.32,,0.404,0.096,,0.226,,,0.149,,,,,0.078,,,,,,,,,,,,,,,,,,,,,,,,,,,,,,,
10/22/2017 16:09,10/22/2017 16:39,,,1.006,,0.276,,,0.06,,,,,,,,,,,,,,,,,,,,,,,,,,,,,,,,,,,,,,,
10/22/2017 17:09,10/22/2017 17:39,,,0.972,,0.277,,,,,,,,,,,,,,,,,,,,,,,,,,,,,,,,,,,,,,,,,,
10/22/2017 18:09,10/22/2017 18:39,0.066,,1.156,,0.323,0.058,,0.09,,,,,,,,,,,,,,,,,,,,,,,,,,,,,,,,,,,,,,,
10/22/2017 19:09,10/22/2017 19:39,0.085,,1.286,,0.472,0.067,,0.127,,,0.065,,,,,,,,,,,,,,,,,,,,,,,,,,,,,,,,,,,,
10/22/2017 20:12,10/22/2017 20:42,,,2.252,,1.011,0.191,,0.352,0.079,,0.143,,,,,0.123,,,,,,,,,,,,,,,,,,,,,,,,,,,,,,,
10/22/2017 21:12,10/22/2017 21:42,0.11,,1.668,,0.497,0.067,,0.132,,,0.06,,,,,,,,,,,,,,,,,,,,,,,,,,,,,,,,,,,,
10/22/2017 22:13,10/22/2017 22:43,,,1.284,,0.374,,,0.081,,,,,,,,,,,,,,,,,,,,,,,,,,,,,,,,,,,,,,,
10/22/2017 23:16,10/22/2017 23:46,0.174,,2.404,,0.551,0.075,,0.132,,,0.059,,,,,0.061,,,,,,,,,,,,,,,,,,,,,,,,,,,,,,,
10/23/2017 0:16,10/23/2017 0:46,0.782,,5.034,,0.511,0.06,,0.113,,,,,,,,0.051,,,,,,,,,,,,,,,,,,,,,,,,,,,,,,,
10/23/2017 1:17,10/23/2017 1:47,0.282,,1.871,,0.567,0.076,,0.143,,,0.053,,,,,0.058,,,,,,,,,,,,,,,,,,,,,,,,,,,,,,,
10/23/2017 2:19,10/23/2017 2:49,,,1.488,,0.609,0.069,,0.135,,,,,,,,0.055,,,,,,,,,,,,,,,,,,,,,,,,,,,,,,,
10/23/2017 3:22,10/23/2017 3:52,0.718,,6.052,,0.484,0.054,,0.115,,,,,,,,0.062,,,,,,,,,,,,,,,,,,,,,,,,,,,,,,,
10/23/2017 4:22,10/23/2017 4:52,0.341,,2.825,,0.508,0.057,,0.104,,,,,,,,,,,,,,,,,,,,,,,,,,,,,,,,,,,,,,,
10/23/2017 5:21,10/23/2017 5:51,0.121,,6.619,,4.203,0.846,,1.862,0.51,,0.584,,,,,0.74,,,,0.104,0.075,0.079,0.256,,,,,,0.108,0.09,,,,,,,,,,,,,,,,,
10/23/2017 6:26,10/23/2017 6:56,0.165,,3.886,,2.236,0.378,,0.896,0.231,,0.228,,,,,0.302,,,,,,,0.09,,,,,,,,,,,,,,,,,,,,,,,,
10/23/2017 7:31,10/23/2017 8:01,0.105,,2.894,,1.805,0.352,,0.801,0.211,,0.242,,,,,0.299,,,,,,,0.08,,,,,,,,,,,,,,,,,,,,,,,,
10/23/2017 8:37,10/23/2017 9:07,0.156,0.067,3.357,,2.06,0.422,,0.943,0.246,,0.275,,,,,0.326,,,,,,,0.091,,,,,,,,,,,,,,,,,,,,,,,,
10/23/2017 9:46,10/23/2017 10:16,0.101,,5.678,,4.311,0.827,,1.855,0.522,,0.485,,,,,0.595,,,,0.079,,0.062,0.162,,,,,,,,,,,,,,,,,,,,,,,,
10/23/2017 10:49,10/23/2017 11:19,0.13,,3.906,,2.387,0.481,,1.083,0.285,,0.329,,,,,0.38,,,,0.057,,,0.128,,,,,,,,,,,,,,,,,,,,,,,,
10/23/2017 11:54,10/23/2017 12:24,0.086,,5.007,,3.269,0.685,,1.477,0.399,,0.458,,,,,0.557,,,,0.079,0.052,0.057,0.171,,,,,,,,,,,,,,,,,,,,,,,,
10/23/2017 15:54,10/23/2017 16:24,0.218,0.184,4.336,,2.683,0.581,,1.251,0.344,,0.447,,,,,0.485,,,,0.082,0.051,0.051,0.153,,,,,,,,,,,,,,,,,,,,,,,,
10/23/2017 16:54,10/23/2017 17:24,0.39,0.207,3.886,,2.455,0.614,,1.41,0.386,,0.6,,,,,0.567,,,,0.11,0.083,0.077,0.201,0.081,,,,,0.067,,0.216,,,,,,,0.058,,,,,,,,,
10/23/2017 17:56,10/23/2017 18:26,0.836,0.447,4.765,0.19,3.33,0.891,,1.572,0.437,,0.727,,,,,0.588,,,,0.14,0.121,0.112,0.256,0.137,,0.064,,0.084,0.101,,0.447,,,,,,,0.107,,,0.098,0.102,0.053,0.109,0.188,,
10/23/2017 19:01,10/23/2017 19:31,0.9,0.456,5.287,0.168,3.185,0.781,,1.424,0.38,,0.641,,,,,0.554,,,,0.131,0.115,0.111,0.278,0.129,,0.057,,0.076,0.087,,0.476,,,,,,,0.131,,,,,,,0.057,,
10/23/2017 20:05,10/23/2017 20:35,1.391,0.572,6.654,0.27,3.336,1.12,,1.616,0.453,,0.814,,,,,0.608,,,,0.181,0.121,0.136,0.324,0.188,,0.092,,0.092,0.109,,0.68,,,,,,0.06,0.195,0.074,,,0.054,,,0.069,,
10/23/2017 21:12,10/23/2017 21:42,1.497,0.745,7.59,0.221,5.751,0.834,,1.428,0.404,,0.676,,,,,0.543,,,,0.147,0.118,0.116,0.267,0.148,,0.071,,0.121,0.118,,0.441,0.055,,,,,,0.149,0.057,,0.053,0.057,,,0.086,,
10/23/2017 22:19,10/23/2017 22:49,1.903,1.187,9.002,0.215,5.887,0.951,,1.515,0.402,,0.726,,,,,0.617,,,,0.158,0.104,0.112,0.266,0.148,,0.059,,0.105,0.124,,0.476,0.094,0.078,,,,,0.166,0.062,,0.061,0.065,,0.055,0.096,,
10/23/2017 23:24,10/23/2017 23:54,0.847,0.506,9.852,0.159,7.293,1.759,,3.894,1.092,,1.339,,,,,1.439,0.094,,,0.257,0.204,0.207,0.526,0.153,,0.091,,0.1,0.166,0.134,0.309,,,,,,,0.122,,,,,,,,,
10/24/2017 0:29,10/24/2017 0:59,0.813,0.433,12.843,0.139,8.699,1.797,,3.868,1.089,,1.249,,,,,1.343,0.081,,,0.22,0.177,0.199,0.448,0.134,0.059,0.085,0.061,0.101,0.157,0.128,0.469,0.174,0.154,,,,0.061,0.161,0.057,,,,,,,,
10/24/2017 1:36,10/24/2017 2:06,0.653,0.384,15.299,0.107,11.114,2.406,,5.149,1.452,0.075,1.514,,,,,1.76,0.104,,,0.283,0.217,0.238,0.576,0.129,,0.067,,0.115,0.181,0.165,0.448,,,,,0.055,,0.149,,,,,,,,,
10/24/2017 2:42,10/24/2017 3:12,1.2,0.943,11.038,0.205,4.706,1.148,,2.458,0.698,,0.994,,,,,0.925,0.056,,,0.181,0.157,0.15,0.339,0.155,,0.083,,0.102,0.115,0.065,0.392,,,,,,0.054,0.185,0.055,,,,,,0.052,,
10/24/2017 3:48,10/24/2017 4:18,1.106,1.065,10.322,0.162,3.833,0.919,,1.935,0.537,,0.782,,,,,0.742,,,,0.152,0.118,0.101,0.261,0.131,,0.057,,0.068,0.085,,0.294,,,,,,,0.136,,,,,,,,,
10/24/2017 4:55,10/24/2017 5:25,0.644,0.533,6.456,0.091,2.526,0.56,,1.253,0.345,,0.508,,,,,0.459,,,,0.095,0.068,0.069,0.161,0.079,,,,,,,0.144,,,,,,,0.064,,,,,,,,,
10/24/2017 6:01,10/24/2017 6:31,0.802,0.651,5.941,0.129,2.415,0.541,,1.154,0.317,,0.485,,,,,0.438,,,,0.097,0.069,0.071,0.159,0.102,,,,,0.055,,0.122,,,,,,,0.068,0.064,,,,,,,,
10/24/2017 7:07,10/24/2017 7:37,1.076,0.659,5.368,0.239,2.031,0.543,,1.15,0.325,,0.566,,,,,0.477,,,,0.121,0.093,0.09,0.184,0.152,,,,0.052,0.067,,0.226,,,,,,,0.132,0.051,,,,,,,,
10/24/2017 8:15,10/24/2017 8:45,0.558,0.474,3.089,0.115,1.429,0.314,,0.758,0.198,,0.348,,,,,0.305,,,,0.08,0.06,0.067,0.136,0.08,,,,,,,0.096,,,,,,,0.084,,,,,,,,,
10/24/2017 9:18,10/24/2017 9:48,0.617,0.427,3.374,0.103,1.931,0.509,,1.113,0.294,,0.618,,,,,0.609,0.051,,,0.161,0.113,0.116,0.322,0.103,,,,0.081,0.121,0.09,0.226,,,,,0.07,,0.157,0.053,0.05,,,,,0.05,,
10/24/2017 10:18,10/24/2017 10:48,0.549,0.372,3.311,0.082,4.095,0.379,,2.324,0.648,,0.377,,,,,0.362,,,,0.079,0.06,0.06,0.161,0.06,,,,,,,0.16,,,,,,0.115,0.503,0.153,,,,,,,,
10/24/2017 11:18,10/24/2017 11:48,0.554,0.673,3.036,0.107,1.531,0.545,,1.221,0.324,,0.604,,,,,0.466,,,,0.103,0.078,0.077,0.181,0.072,,,,,0.051,,0.15,,,,,,,0.068,,,,,,,,,
10/24/2017 12:18,10/24/2017 12:48,0.244,0.144,1.921,,0.952,0.197,,0.571,0.138,,0.247,,,,,0.221,,,,,,,0.067,,,,,,,,,,,,,,,,,,,,,,,,
10/24/2017 13:18,10/24/2017 13:48,0.307,0.316,1.865,,0.812,0.236,,0.518,0.124,,0.315,,,,,0.391,,,,,,,0.102,,,,,,,,0.098,,,,,,,,,,,,,,,,
10/24/2017 14:17,10/24/2017 14:47,0.315,0.248,2.09,,1.184,0.315,,0.707,0.181,,0.368,,,,,0.297,,,,0.065,,,0.1,,,,,,,,0.079,,,,,,,,,,,,,,,,
10/24/2017 18:16,10/24/2017 18:46,1.094,0.604,4.129,0.251,2.663,0.727,,1.625,0.454,,0.919,,,,,0.667,,,,0.2,0.175,0.145,0.382,0.165,,0.132,,0.17,0.154,0.051,0.896,,,,,,0.061,0.208,0.083,,0.054,0.058,,,0.084,,
10/24/2017 19:18,10/24/2017 19:48,0.963,0.465,4.566,0.196,2.096,0.708,,1.465,0.417,,0.897,,,,,0.546,,,,0.176,0.145,0.137,0.332,0.137,,0.109,0.056,0.139,0.13,,0.848,0.058,0.057,,,,0.055,0.205,0.07,,0.059,0.063,,,0.074,,
10/24/2017 20:22,10/24/2017 20:52,1.076,0.465,5.417,0.191,2.329,0.738,,1.378,0.355,,0.877,,,,,0.569,,,,0.165,0.147,0.138,0.318,0.138,,0.091,0.063,0.097,0.122,,0.67,0.067,,,,,,0.177,0.073,,,,,,0.07,,
10/24/2017 21:28,10/24/2017 21:58,0.511,0.247,4.509,0.081,1.921,0.567,,1.007,0.282,,0.561,,,,,0.39,,,,0.112,0.093,0.084,0.259,0.073,,0.059,,0.071,0.071,,0.405,,0.051,,,,,0.092,,,,,,,,,
10/24/2017 22:32,10/24/2017 23:02,0.412,0.212,3.651,,1.353,0.4,,0.752,0.202,,0.382,,,,,0.296,,,,0.082,0.052,0.06,0.146,0.056,,,,,0.052,,0.223,,,,,,,0.06,,,,,,,,,
10/24/2017 23:39,10/25/2017 0:09,0.387,0.147,4.52,,1.902,0.417,,0.746,0.194,,0.359,,,,,0.288,,,,0.069,,0.053,0.133,,,,,,,,0.152,,,,,,,,,,,,,,,,
10/25/2017 0:45,10/25/2017 1:15,0.183,0.079,3.741,,1.254,0.266,,0.432,0.105,,0.229,,,,,0.206,,,,0.053,,,0.094,,,,,,,,,,,,,,,,,,,,,,,,
10/25/2017 1:52,10/25/2017 2:22,0.383,,3.42,,1.186,0.24,,0.35,0.084,,0.227,,,,,0.161,,,,,,,0.075,,,,,,,,,,,,,,,,,,,,,,,,
10/25/2017 3:01,10/25/2017 3:31,0.339,0.208,7.354,,3.299,0.779,,1.305,0.359,,0.603,,,,,0.493,,,,0.12,0.074,0.078,0.212,,,,,,0.055,,0.135,,,,,,,0.051,,,,,,,,,
10/25/2017 4:07,10/25/2017 4:37,0.972,0.948,6.717,0.115,2.66,0.61,,1.03,0.284,,0.637,,,,,0.449,,,,0.123,0.076,0.08,0.195,0.079,,,,0.057,0.067,,0.259,,,,,,,0.128,,,,,,,,,0.051
10/25/2017 5:14,10/25/2017 5:44,0.963,0.787,3.903,0.224,1.624,0.407,,0.587,0.169,,0.449,,,,,0.315,,,,0.108,0.066,0.082,0.166,0.124,,,,0.062,0.067,,0.265,,,,,,,0.185,,,,,,,0.057,,
10/25/2017 6:21,10/25/2017 6:51,1.862,0.689,14.225,0.532,5.297,1.401,,2.689,0.79,0.072,1.426,,,,0.088,1.103,0.066,,,0.309,0.231,0.229,0.478,0.366,,0.151,0.054,0.166,0.192,0.143,0.593,0.172,0.186,,0.06,0.058,0.091,0.351,0.109,,0.07,0.076,,0.064,0.102,,
10/25/2017 8:38,10/25/2017 9:08,1.813,1.23,6.027,0.378,1.583,0.693,,1.538,0.441,,0.947,,,,,0.611,,,,0.187,0.129,0.157,0.298,0.215,,0.111,,0.13,0.119,,0.459,0.052,,,,,0.082,0.257,0.098,,0.065,0.067,,,0.086,,
10/25/2017 9:38,10/25/2017 10:08,0.933,0.51,2.834,0.167,1.235,0.535,,1.195,0.328,,0.703,,,,,0.456,,,,0.131,0.108,0.093,0.211,0.106,,0.058,,0.075,0.077,,0.274,0.059,,,,,,0.161,0.061,,,,,,,,
10/25/2017 10:37,10/25/2017 11:07,0.472,0.221,1.937,0.064,1.077,0.399,,0.976,0.257,,0.584,,,,,0.326,,,,0.111,0.095,0.091,0.235,0.054,,0.068,,0.092,0.082,,0.444,,,,,,,0.117,,,,,,,,,
10/25/2017 11:37,10/25/2017 12:07,0.337,0.141,3.044,,1.545,0.427,,1.158,0.308,,0.622,,,,,0.42,,,,0.128,0.084,0.097,0.236,0.05,,0.061,,0.08,0.082,,0.409,,,,,,,0.13,0.062,,,,,,,,
10/25/2017 12:37,10/25/2017 13:07,0.252,0.094,1.267,,0.659,0.23,,0.783,0.202,,0.451,,,,,0.254,,,,0.101,0.084,0.074,0.19,,,,,,,,0.539,,,,,,,,,,,,,,0.079,,
10/25/2017 13:36,10/25/2017 14:06,,,0.799,,0.257,0.139,,0.434,0.102,,0.19,,,,,0.128,,,,,,,,,,,,,,,,,,,,,,,,,,,,,,,
10/25/2017 14:36,10/25/2017 15:06,,,0.717,,0.205,0.095,,0.148,,,0.106,,,,,0.059,,,,,,,,,,,,,,,,,,,,,,,,,,,,,,,
10/25/2017 15:36,10/25/2017 16:06,,,0.837,,0.2,,,0.154,,,0.098,,,,,,,,,,,,0.059,,,,,,,,,,,,,,,,,,,,,,,,
10/25/2017 16:36,10/25/2017 17:06,,,0.972,,0.254,,,0.091,,,0.05,,,,,,,,,,,,,,,,,,,,,,,,,,,,,,,,,,,,
10/25/2017 17:35,10/25/2017 18:05,,,1.364,,0.48,0.058,,0.149,,,0.057,,,,,0.077,,,,,,,,,,,,,,,,,,,,,,,,,,,,,,,
10/25/2017 18:35,10/25/2017 19:05,,,1.356,,0.364,0.073,,0.185,,,0.106,,,,,0.093,,,,,,,,,,0.055,,0.072,0.086,,,,,,,,,,,,,,,,,,
10/25/2017 19:35,10/25/2017 20:05,,,1.738,,0.656,0.105,,0.183,,,0.071,,,,,0.064,,,,,,,,,,,,,,,,,,,,,,,,,,,,,,,
10/25/2017 20:37,10/25/2017 21:07,0.112,,1.81,,0.802,0.169,,0.256,,,0.129,,,,,0.096,,,,,,,,,,,,,,,,,,,,,,,,,,,,,,,
10/25/2017 21:39,10/25/2017 22:09,0.158,,2.48,,1.214,0.323,,0.557,0.138,,0.249,,,,,0.192,,,,,,,0.076,,,,,,,,,,,,,,,,,,,,,,,,
10/25/2017 22:43,10/25/2017 23:13,0.156,,2.96,,1.186,0.383,,0.577,0.155,,0.321,,,,,0.236,,,,0.055,,,0.087,,,,,,,,0.065,,,,,,,,,,,,,,,,
10/25/2017 23:45,10/26/2017 0:15,0.109,,1.823,,0.622,0.134,,0.19,,,0.108,,,,,0.08,,,,,,,,,,,,,,,,,,,,,,,,,,,,,,,
10/26/2017 0:50,10/26/2017 1:20,0.105,,2.306,,0.873,0.205,,0.342,0.077,,0.177,,,,,0.166,,,,,,,,,,,,,,,,0.054,,,,,,,,,,,,,,,
10/26/2017 1:55,10/26/2017 2:25,0.072,,6.646,,2.028,0.509,,0.69,0.176,,0.315,,,,,0.257,,,,0.076,,0.053,0.161,,,,,,,,,,,,,,,,,,,,,,,,
10/26/2017 2:57,10/26/2017 3:27,0.129,,4.299,,1.612,0.361,,0.638,0.163,,0.332,,,,,0.249,,,0.089,0.07,,,0.099,,,,,,,,,0.209,0.125,,,,,,,,,,,,,,
10/26/2017 4:02,10/26/2017 4:32,0.15,,6.351,,4.812,1.145,,2.488,0.688,,0.858,,,,,0.965,0.064,,,0.156,0.08,0.125,0.314,,,,,,0.116,0.11,,,,,,,,,,0.059,,,,,,,
10/26/2017 5:05,10/26/2017 5:35,0.207,0.087,7.794,,5.513,1.209,,2.699,0.752,,0.804,,,,,0.983,0.054,,,0.139,0.087,0.108,0.302,,,,,,0.101,0.099,,,,,,,,,,0.056,,,,,,0.057,
10/26/2017 6:10,10/26/2017 6:40,0.475,0.085,14.742,0.085,12.364,2.688,,6.433,1.834,0.087,1.846,,,,,2.235,0.134,,,0.314,0.201,0.261,0.701,0.127,,0.102,,0.121,0.253,0.252,0.126,,,,,0.096,,0.087,,0.081,,,,,,0.066,0.058
10/26/2017 7:13,10/26/2017 7:43,0.377,0.122,4.111,,3.095,0.796,,1.927,0.537,,0.74,,,,,0.911,0.051,,,0.14,0.102,0.109,0.31,0.057,,,,,0.103,0.071,,,,,,,,,,,,,,,,,
10/26/2017 8:16,10/26/2017 8:46,0.319,0.071,4.696,,4.044,1.003,,2.427,0.678,,0.843,,,,,1.019,0.057,,,0.166,0.103,0.138,0.322,0.063,,,,,0.119,0.112,,,,,,,,,,,,,,,,,