StartTime_[LST],EndTime_[LST],ethylene_[ppbV],acetylene_[ppbV],ethane_[ppbV],propylene_[ppbV],propane_[ppbV],isobutane_[ppbV],cis-2-butene_[ppbV],n-butane_[ppbV],1-butene_[ppbV],trans-2-butene_[ppbV],isopentane_[ppbV],1-pentene_[ppbV],isoprene_[ppbV],n-pentane_[ppbV],cis-2-pentene_[ppbV],cyclopentane_[ppbV],"2,2-dimethyl-butane_[ppbV]","2,3-dimethyl-butane_[ppbV]",2-methyl-pentane_[ppbV],3-methyl-pentane_[ppbV],1-hexene_[ppbV],methyl-cyclopentane_[ppbV],n-hexane_[ppbV],benzene_[ppbV],cyclohexane_[ppbV],"2,4-dimethyl-pentane_[ppbV]","2,3-dimethyl-pentane_[ppbV]",2-methyl-hexane_[ppbV],3-methyl-hexane_[ppbV],n-heptane_[ppbV],methyl-cyclohexane_[ppbV],toluene_[ppbV],"2,2,4-trimethyl-pentane_[ppbV]","2,3,4-trimethyl-pentane_[ppbV]",2-methyl-heptane_[ppbV],3-methyl-heptane_[ppbV],n-octane_[ppbV],ethyl-benzene_[ppbV],"m,p-xylene_[ppbV]",styrene_[ppbV],o-xylene_[ppbV],n-nonane_[ppbV],isopropyl-benzene_[ppbV],"1,3,5-trimethyl-benzene_[ppbV]",n-propyl-benzene_[ppbV],"1,2,4-trimethyl-benzene_[ppbV]",m-ethyl-toluene_[ppbV],p-ethyl-toluene_[ppbV],o-ethyl-toluene_[ppbV],"1,2,3-trimethyl-benzene_[ppbV]",n-decane_[ppbV],m-diethyl-benzene_[ppbV]
07/27/2017 16:16:00,07/27/2017 16:46:00,0.1,0.082,1.909,,0.971,0.145,0.169,0.339,,0.115,0.181,,,0.123583073,0.112644656,,,,,,,,,,,,,,,,,,,,,,,,,0.099,,,,,,,,,,,,
07/27/2017 17:15:00,07/27/2017 17:45:00,0.119,0.085,2.023,,1.243,0.201,,0.519,,0.176,0.295,,,0.2154345,0.130065667,,,,,,0.088,,,,,,,,,0.06,,,,,,,,,,,,,,,,,,,,,,
07/27/2017 19:15:00,07/27/2017 19:45:00,0.552,0.33,2.541,0.141,1.548,0.314,,0.942,,0.313,0.799,,,0.621499688,0.112765625,,0.124,,0.105,0.095,0.214,0.122,,,,0.086,0.054,,0.056,0.259,,,,,,,,,,,,,,,,,,,,,,
07/27/2017 21:14:00,07/27/2017 21:44:00,0.803,0.45,3.493,0.188,2.138,0.414,,0.934,,0.303,0.818,,,0.547314625,0.080132,,0.158,,0.132,0.125,0.252,0.166,,,,0.15,0.096,0.065,0.09,0.501,0.0698,,,,,0.083,0.166,,0.115,,,,,,,,,,,,,
07/27/2017 22:14:00,07/27/2017 22:44:00,0.637,0.372,4.535,0.138,2.656,0.417,,0.882,,0.299,0.78,,,0.566268938,0.103585781,,0.153,,0.134,0.123,0.272,0.16,0.067,,,0.149,0.092,0.061,0.091,0.471,0.0535,,,,,0.053,0.105,,0.11,,,,,,0.051,,,,,,,
07/28/2017 2:13:00,07/28/2017 2:43:00,0.599,0.372,38.803,0.244,27.429,7.921,,14.382,0.228,4.912,6.339,0.052684125,0.249799302,5.63934026,0.119552438,0.420572417,0.753,0.08,0.633,0.621,1.59,0.262,0.482,0.062,0.058,0.598,0.338,0.562,0.529,0.977,0.0794,,0.138,0.135,0.218,0.101,0.359,,0.174,0.103,,0.06,,,0.072,,,0.163,,,0.078,
07/28/2017 4:12:00,07/28/2017 4:42:00,0.609,0.266,93.902,0.216,97.151,24.512,,58.933,0.92,20.13,19.686,0.126825917,0.98541,23.2613786,0.141652688,1.197090667,3.76,0.583,2.804,2.986,7.24,0.967,2.369,0.331,0.236,2.165,0.913,2.729,2.408,1.673,0.0852,,0.453,0.443,0.714,0.076,0.687,,0.354,0.234,,0.066,,,0.102,,,0.098,,,,
07/28/2017 6:12:00,07/28/2017 6:42:00,0.58,0.306,13.747,0.14,11.008,2.212,,5.682,0.093,1.936,1.785,,0.101436438,2.126930313,,0.138290906,0.328,,0.247,0.307,0.668,0.145,0.184,,,0.173,0.088,0.227,0.217,0.255,,,,,,,0.071,,,,,,,,,,,,,,,
07/28/2017 7:11:00,07/28/2017 7:41:00,0.359,0.162,14.603,0.079,11.668,2.161,,6.225,0.094,2.111,1.78,,0.100109188,2.463895229,,0.173592354,0.349,,0.277,0.352,0.751,0.147,0.207,,,0.186,0.081,0.226,0.22,0.171,,,,,,,,,,,,,,,,,,,,,,
07/28/2017 9:11:00,07/28/2017 9:41:00,0.411,0.22,9.358,0.089,8.389,2.341,,4.408,0.066,1.469,1.737,,0.08442675,1.948527,0.0868995,0.41789475,0.276,,0.255,0.295,0.83,0.117,0.213,,,0.311,0.146,0.383,0.317,0.578,,,0.122,0.125,0.246,,0.22,,0.151,0.272,,0.064,,,0.124,,,0.41,,,0.29,0.052
07/28/2017 10:11:00,07/28/2017 10:41:00,0.32,0.166,7.287,0.051,5.282,1.096,,2.459,,0.82,0.855,,,0.965927083,0.075240885,0.109247396,0.127,,0.114,0.129,0.365,0.096,0.07,,,0.113,0.052,0.113,0.11,0.189,,,,,,,,,,0.09,,,,,,,,0.083,,,,
07/28/2017 13:51:00,07/28/2017 14:21:00,0.099,0.081,4.042,,2.179,0.367,0.133,0.905,,0.306,0.363,,,0.350174875,0.187097917,,,,,,0.106,0.062,,,,,,,,,,,,,,,,,0.098,,,,,,,,,,,,,
07/28/2017 14:51:00,07/28/2017 15:21:00,0.111,0.127,4.508,,2.49,0.401,,1.107,,0.371,0.42,,,0.447778469,0.144644469,,0.053,,,,0.143,0.077,,,,,,,,0.06,,,,,,,,,,,,,,,,,,,,,,
07/28/2017 15:50:00,07/28/2017 16:20:00,0.29,0.168,2.05,0.054,0.977,0.201,,0.45,,0.141,0.361,,,0.190368125,0.144425625,,,,,,0.113,0.066,,,,0.05,,,,0.186,,,,,,,,,,,,,,,,,,,,,,
07/28/2017 16:50:00,07/28/2017 17:20:00,0.225,0.177,2.023,,1.039,0.178,,0.38,,0.124,0.297,,,,0.081992365,,,,,,0.068,0.058,,,,,,,,0.109,,,,,,,,,,,,,,,,,,,,,,
07/28/2017 17:50:00,07/28/2017 18:20:00,0.267,0.204,1.947,,0.896,0.143,,0.365,,0.116,0.303,,,0.158540667,0.209986,,,,,,0.121,0.063,,,,,,,,0.175,,,,,,,,,0.077,,,,,,,,,,,,,
07/28/2017 18:50:00,07/28/2017 19:20:00,0.235,0.197,3.259,,1.682,0.252,,0.68,,0.224,0.402,,,0.290737406,0.207136406,,,,,,0.094,0.067,,,,,,,,0.128,,,,,,,,,0.059,,,,,,,,,,,,,
07/28/2017 19:49:00,07/28/2017 20:19:00,0.384,0.295,3.625,0.087,2.608,0.509,,1.123,,0.367,0.611,,,0.494826625,0.165693083,,0.087,,0.072,0.077,0.175,0.091,,,,0.072,,,,0.231,,,,,,,0.08,,,,,,,,,,,,,,,
07/28/2017 20:49:00,07/28/2017 21:19:00,0.647,0.308,3.487,0.15,2.483,0.51,,1.347,,0.456,0.971,,,0.689726198,0.061557969,,0.168,,0.143,0.129,,0.142,0.07,,,0.164,0.092,0.076,0.089,0.408,0.0816,,,,,,0.091,,0.099,,,,,,,,,0.055,,,,
07/28/2017 21:49:00,07/28/2017 22:19:00,0.651,0.293,16.919,0.153,11.955,2.644,,6.485,0.095,2.207,2.537,,0.116621625,2.939852625,,0.2223535,0.504,0.05,0.4,0.511,1.063,0.232,0.364,,0.057,0.368,0.178,0.499,0.439,0.511,,,0.103,0.131,0.167,,0.211,,0.144,0.147,,0.055,,,0.103,,,0.153,,,0.106,
07/28/2017 22:49:00,07/28/2017 23:19:00,0.117,0.074,2.748,,1.768,0.204,,0.534,,0.174,0.232,,,0.170795906,,,,,,,0.062,,,,,,,,,0.052,,,,,,,,,,0.052,,,,,,,,,,,,
07/28/2017 23:48:00,07/29/2017 0:18:00,0.127,0.077,2.69,,1.413,0.179,,0.407,,0.131,0.197,,,0.153981208,,,,,,,0.064,,,,,,,,,0.055,,,,,,,,,,,,,,,,,,,,,,
07/29/2017 1:48:00,07/29/2017 2:18:00,0.249,0.106,14.385,,8.416,1.397,,3.238,,1.093,1.022,,,1.151218333,,0.068679167,0.172,,0.136,0.168,0.376,0.081,0.097,,,0.118,,0.162,0.147,0.176,,,,,,,,,,,,,,,,,,,,,,
07/29/2017 2:48:00,07/29/2017 3:18:00,0.246,0.113,6.169,,3.595,0.576,,1.485,,0.501,0.749,,,0.677288198,,,0.132,,0.102,0.129,0.299,0.062,0.059,,,0.1,,0.106,0.091,0.197,,,,,,,,,,,,,,,,,,,,,,
07/29/2017 4:47:00,07/29/2017 5:17:00,0.465,0.245,7.922,0.075,4.744,0.902,,1.98,,0.668,1.035,,,0.969536125,,0.06260599,0.187,,0.149,0.168,0.353,0.119,0.113,,,0.156,,0.132,0.125,0.362,,,,,,,0.051,,0.076,,,,,,,,,,,,,
07/29/2017 5:47:00,07/29/2017 6:17:00,0.539,0.269,8.063,0.094,4.672,0.922,,2.167,,0.74,1.193,,0.052221417,1.088962333,,0.068656583,0.211,,0.17,0.177,0.388,0.129,0.096,,,0.144,,0.131,0.135,0.41,,,,,,0.052,0.082,,0.097,,,,,,,,,,,,,
07/29/2017 6:46:00,07/29/2017 7:16:00,0.415,0.185,12.197,0.063,8.636,2.126,,4.685,0.075,1.592,1.878,,0.085833125,2.01627875,,0.11835375,0.345,,0.261,0.28,0.66,0.146,0.188,,,0.231,0.138,0.22,0.221,0.371,,,,0.055,0.058,,,,0.139,,,,,,,,,0.064,,,,
07/29/2017 7:46:00,07/29/2017 8:16:00,0.789,0.431,63.131,0.187,64.673,15.808,,40.267,0.621,13.679,13.335,0.069824854,0.683640271,16.8834085,,0.883867396,2.707,0.326,2.009,2.119,5.361,0.68,1.729,0.253,0.182,1.746,0.757,2.073,1.976,1.633,,,0.367,0.386,0.559,,0.497,,0.214,0.168,,,,,0.06,,,0.092,,,,
07/29/2017 8:46:00,07/29/2017 9:16:00,1.171,0.494,27.55,0.212,25.756,5.96,,15.014,0.228,5.16,4.743,,0.256044792,6.272423594,,0.341078615,0.949,0.101,0.719,0.786,1.939,0.334,0.584,0.06,0.07,0.604,,1.037,0.647,0.792,,,,0.134,0.214,,0.147,,0.116,0.059,,,,,,,,,,,,
07/29/2017 9:46:00,07/29/2017 10:16:00,0.859,0.349,52.026,0.18,50.523,12.143,,31.798,0.48,10.822,10.425,,0.5440325,13.1409255,0.1348225,0.692405,2.11,0.289,1.551,1.638,4.193,0.568,1.3,0.204,0.111,1.207,0.53,1.663,1.438,0.986,,,0.296,0.276,0.454,,0.263,,0.182,0.139,,,,,,,,0.075,,,,
07/29/2017 10:46:00,07/29/2017 11:16:00,0.432,0.231,35.508,0.085,30.379,6.537,,17.415,0.268,5.951,5.406,,0.278337469,6.90911799,,0.36934551,1.058,0.125,0.796,0.844,2.14,0.324,0.647,0.091,0.073,0.624,0.271,0.79,0.743,0.536,,,0.135,0.143,0.213,,0.081,,0.096,0.065,,,,,,,,0.063,,,,
07/29/2017 11:45:00,07/29/2017 12:15:00,0.318,0.164,28.307,0.058,23.955,4.796,,12.346,0.182,4.208,3.55,,0.178894792,4.384566146,0.145471875,0.228070312,0.638,0.067,0.475,0.522,1.288,0.215,0.364,,,0.388,,0.449,0.42,0.332,,,0.085,0.08,0.128,,,,,,,,,,,,,,,,,
07/29/2017 12:45:00,07/29/2017 13:15:00,0.297,0.2,5.487,,3.746,0.69,,1.716,,0.575,0.679,,,0.658571062,0.115270594,,0.108,,0.084,0.092,0.236,0.098,,,,0.067,,0.065,0.062,0.183,,,,,,,,,,,,,,,,,,,,,,
07/29/2017 15:44:00,07/29/2017 16:14:00,0.281,0.213,1.473,,0.632,0.139,,0.349,,0.114,0.371,,,0.172403,0.20542825,,,,,,0.085,0.066,,,,,,,,0.167,,,,,,,,,,,,,,,,,,,,,,
07/29/2017 16:44:00,07/29/2017 17:14:00,0.29,0.294,2.198,0.069,1.508,0.447,,0.759,,0.254,0.771,,,0.425126146,,0.066258906,0.064,,0.065,0.068,0.149,0.06,,,,0.059,,,,0.223,0.077,,,,,,,,,,,,,,,,,,,,,
07/29/2017 17:43:00,07/29/2017 18:13:00,0.419,0.219,11.376,0.055,9.14,1.758,,4.527,0.064,1.535,1.377,,0.065900167,1.60578625,,0.101112917,0.215,,0.16,0.19,0.465,0.134,0.11,,,0.12,,0.137,0.143,0.227,,,,,,,,,0.053,,,,,,,,,,,,,
07/29/2017 18:43:00,07/29/2017 19:13:00,0.171,0.139,7.695,,4.329,0.839,,1.95,,0.651,0.655,,,0.706800875,,,0.088,,0.065,0.08,0.207,0.058,,,,0.053,,0.089,0.08,0.137,,,,,,,,,,,,,,,,,,,,,,
07/29/2017 19:43:00,07/29/2017 20:13:00,0.273,0.176,11.459,,6.128,1.161,,2.505,,0.843,0.865,,,0.929823187,,,0.138,,0.101,0.118,0.294,0.073,0.057,,,0.089,,0.106,0.106,0.136,,,,,,,,,,,,,,,,,,,,,,
07/29/2017 20:42:00,07/29/2017 21:12:00,0.539,0.359,8.568,0.088,5.778,1.15,,2.919,,0.988,1.003,,,1.307800469,,0.08776124,0.214,,0.172,0.226,0.505,0.14,0.158,,,0.156,,0.232,0.217,0.227,,,0.051,,0.077,,0.059,,,,,,,,,,,,,,,
07/29/2017 21:42:00,07/29/2017 22:12:00,0.628,0.193,4.243,0.137,2.904,0.412,,1.004,,0.339,0.412,,,0.33697125,,,0.058,,0.053,0.081,0.181,0.109,,,,,,,,0.178,,,,,,,,,,,,,,,,,,,,,,
07/29/2017 22:42:00,07/29/2017 23:12:00,0.422,0.209,3.871,0.071,2.284,0.396,,0.881,,0.29,0.498,,,0.361480427,,,0.073,,0.064,0.074,0.149,0.079,,,,0.059,,,,0.202,,,,,,,,,,,,,,,,,,,,,,
07/29/2017 23:42:00,07/30/2017 0:12:00,0.497,0.221,5.04,0.092,2.861,0.507,,1.126,,0.381,0.687,,,0.549286792,,,0.121,,0.096,0.102,0.213,0.112,,,,0.111,,0.068,0.064,0.298,0.0567,,,,,,,,,,,,,,,,,,,,,
07/30/2017 0:41:00,07/30/2017 1:11:00,0.529,0.266,6.607,0.112,3.544,0.596,,1.341,,0.442,0.733,,,0.594877437,,,0.118,,0.097,0.111,0.241,0.106,0.051,,,0.104,,0.065,0.068,0.311,0.0746,,,,,,,,0.067,,,,,,,,,,,,,
07/30/2017 1:41:00,07/30/2017 2:11:00,0.53,0.253,21.713,0.12,17.003,4.26,,10.085,0.145,3.436,3.834,,0.184166667,4.63879,,0.24752,0.813,0.107,0.616,0.619,1.586,0.268,0.465,0.086,0.062,0.49,,0.544,0.508,0.555,0.0759,,,0.1,0.135,,0.12,,0.112,,,,,,,,,,,,,
07/30/2017 3:41:00,07/30/2017 4:11:00,0.568,0.34,34.105,0.133,29.973,6.886,,17.277,0.255,5.958,6.297,,0.324560062,7.873520562,,0.45774725,1.361,0.158,1.02,1.114,2.757,0.426,0.887,0.127,0.085,0.879,,1.08,0.959,0.805,0.0576,,,0.212,0.307,,0.233,,0.138,0.095,,,,,,,,0.082,,,,
07/30/2017 4:40:00,07/30/2017 5:10:00,0.776,0.615,22.159,0.152,16.966,3.811,,9.024,0.135,3.063,3.339,,0.176770562,4.024446562,,0.222234396,0.704,0.121,0.545,0.564,1.392,0.263,0.437,0.085,0.073,0.467,,0.534,0.49,0.602,0.1403,,0.1,0.114,0.139,,0.225,,0.104,,,,,,,,,0.053,,,,
07/30/2017 5:40:00,07/30/2017 6:10:00,0.702,0.28,23.827,0.132,16.602,3.513,,8.051,0.122,2.73,2.83,,0.137066,3.261930333,,0.167424917,0.52,0.069,0.398,0.419,1.013,0.201,0.315,,0.052,0.363,,0.382,0.34,0.465,0.0631,,,0.086,0.08,,0.081,,0.087,,,,,,,,,,,,,
07/30/2017 6:40:00,07/30/2017 7:10:00,0.515,0.237,11.225,0.076,8.444,1.754,,4.322,0.059,1.438,1.599,,0.072797062,1.863876656,0.13411575,0.112971375,0.32,,0.254,0.273,0.67,0.145,0.18,,,,,0.241,0.226,0.318,,,,0.058,,,,,0.063,,,,,,,,,0.063,,,,
07/30/2017 7:39:00,07/30/2017 8:09:00,0.466,0.195,11.289,0.068,8.935,1.912,,4.585,0.065,1.567,1.522,,0.065716771,1.789529896,,0.103204167,0.263,,0.196,0.225,0.526,0.119,0.132,,,0.16,,0.193,0.174,0.203,,,,,,,,,0.105,,,,,,,,,0.061,,,,
07/30/2017 8:39:00,07/30/2017 9:09:00,0.169,0.136,4.588,,3.465,0.677,,1.772,,0.604,0.613,,,0.714968833,,,0.095,,0.069,0.095,0.251,0.05,,,,0.062,,0.093,0.074,0.079,,,,,,,,,,,,,,,,,,0.054,,,,
07/30/2017 9:39:00,07/30/2017 10:09:00,0.28,0.154,5.341,,4.435,0.862,,2.259,,0.766,0.775,,,0.883333,,0.05685575,0.116,,0.086,0.105,0.247,0.074,,,,0.059,,0.078,0.071,0.092,,,,,,,,,,,,,,,,,,,,,,
07/30/2017 10:39:00,07/30/2017 11:09:00,0.162,0.128,6.954,,4.754,0.822,,2.223,,0.742,0.7,,,0.766098177,,,0.097,,0.071,0.087,0.227,0.067,,,,,,0.059,0.061,0.118,,,,,,,,,,,,,,,,,,,,,,
07/30/2017 11:38:00,07/30/2017 12:08:00,0.176,0.147,7.489,,4.595,0.851,,2.142,,0.723,0.712,,,0.781072833,,,0.095,,0.074,0.082,0.233,0.069,,,,,,0.053,0.057,0.096,,,,,,,,,,,,,,,,,,,,,,
07/30/2017 12:38:00,07/30/2017 13:08:00,0.126,0.145,6.318,,4.423,0.842,,2.171,,0.726,0.705,,,0.842329687,,,0.102,,0.071,0.082,0.243,0.081,,,,,,0.06,0.061,0.062,,,,,,,,,,,,,,,,,,,,,,
07/30/2017 13:38:00,07/30/2017 14:08:00,0.127,0.131,5.584,,3.88,0.737,,1.918,,0.645,0.639,,,0.714496917,,,0.085,,0.058,0.065,0.206,0.062,,,,,,0.054,0.051,,,,,,,,,,,,,,,,,,,,,,,
07/30/2017 14:38:00,07/30/2017 15:08:00,0.086,0.137,4.556,,3.283,0.607,,1.604,,0.54,0.542,,,0.586200469,,,0.065,,0.05,0.06,0.173,0.059,,,,,,0.052,,,,,,,,,,,,,,,,,,,,,,,,
07/30/2017 17:37:00,07/30/2017 18:07:00,0.251,0.162,2.983,,1.875,0.271,,0.768,,0.256,0.372,,,0.298755833,0.1227175,,,,,,0.099,0.053,,,,,,,,0.1,,,,,,,,,,,,,,,,,,,,,,
07/30/2017 18:36:00,07/30/2017 19:06:00,0.4,0.299,3.396,0.066,2.316,0.389,,0.891,,0.303,0.511,,,0.391290594,0.109215969,,0.069,,0.051,0.062,0.135,0.078,,,,,,,,0.187,,,,,,,,,0.058,,,,,,,,,,,,,
07/30/2017 19:36:00,07/30/2017 20:06:00,0.647,0.316,4.232,0.132,3.333,0.591,,1.494,,0.498,0.821,,,0.603064458,0.069399,,0.126,,0.1,0.098,0.197,0.12,,,,0.093,,0.057,0.063,0.322,,,,,,,,,0.116,,,,,,,,,,,,,
07/30/2017 20:36:00,07/30/2017 21:06:00,0.486,0.233,3.384,0.1,1.898,0.263,,0.655,,0.216,0.489,,,0.294528385,,,0.069,,0.059,0.067,0.128,0.087,,,,,,,,0.235,,,,,,,,,,,,,,,,,,,,,,
07/30/2017 21:36:00,07/30/2017 22:06:00,0.422,0.243,3.103,0.055,1.458,0.227,,0.525,,0.171,0.441,,,0.277558,,,0.057,,,0.057,0.102,0.081,,,,0.055,,,,0.209,,,,,,,,,,,,,,,,,,,,,,
07/30/2017 22:35:00,07/30/2017 23:05:00,0.541,0.37,3.746,0.096,2.084,0.336,,0.742,,0.245,0.651,,,0.379311615,,,0.101,,0.079,0.085,0.154,0.107,,,,0.1,,,,0.362,,,,,,,,,0.071,,,,,,,,,,,,,
07/30/2017 23:35:00,07/31/2017 0:05:00,0.705,0.338,5.741,0.114,3.043,0.621,,1.571,,0.533,1.268,,,0.774502125,0.062169583,0.050062875,0.192,,0.157,0.139,0.26,0.139,0.054,,,0.142,,0.079,0.094,0.461,0.0795,,,,,,0.061,,0.095,,,,,,,,,,,,,
07/31/2017 1:34:00,07/31/2017 2:04:00,0.365,0.171,4.178,0.05,1.893,0.3,,0.727,,0.246,0.672,,,0.41749575,,,0.076,,0.059,0.068,0.122,0.054,,,,0.058,,,,0.209,,,,,,,,,,,,,,,,,,,,,,
07/31/2017 2:34:00,07/31/2017 3:04:00,0.56,0.305,7.079,0.094,3.262,0.619,,1.385,,0.466,1.079,,,0.74537401,,0.052731687,0.149,,0.122,0.116,0.224,0.087,,,,0.123,,0.078,0.074,0.346,0.0635,,,,,,,,,,,,,,,,,,,,,
07/31/2017 5:34:00,07/31/2017 6:04:00,0.849,0.468,16.17,0.162,12.591,2.549,,6.609,0.096,2.245,2.231,,0.117629167,2.692195542,,0.170562292,0.419,,0.314,0.371,0.824,0.195,0.241,,,0.296,,0.298,0.303,0.492,,,,0.068,0.067,,0.079,,0.107,,,,,,,,,,,,,
07/31/2017 6:33:00,07/31/2017 7:03:00,0.746,0.412,12.291,0.125,9.223,1.783,,4.685,0.067,1.583,1.643,,0.088103812,1.916342312,0.182958875,0.124054219,0.31,,0.241,0.279,0.624,0.166,0.171,,,,,0.211,0.218,0.413,,,,0.066,,,0.051,,0.088,,,,,,,,,,,,,
07/31/2017 7:33:00,07/31/2017 8:03:00,0.475,0.252,7.075,0.069,5.402,1.045,,2.746,,0.914,1.072,,,1.185459188,0.287168292,0.067977854,0.192,,0.147,0.182,0.385,0.117,0.086,,,0.122,,0.138,0.148,0.285,0.0554,,,,,,,,,,,,,,,,,,,,,
07/31/2017 8:33:00,07/31/2017 9:03:00,0.199,0.142,3.402,,2.432,0.422,,1.079,,0.364,0.457,,,0.443017604,0.052610469,,0.057,,,0.068,0.152,,,,,,,0.064,0.054,0.11,,,,,,,,,,,,,,,,,,,,,,
07/31/2017 9:32:00,07/31/2017 10:02:00,0.08,0.134,2.135,,1.337,0.226,,0.641,,0.21,0.297,,,0.212553,0.062757,,,,,,0.099,,,,,,,,,0.07,,,,,,,,,,,,,,,,,,,,,,
07/31/2017 17:36:00,07/31/2017 18:06:00,0.112,0.143,2.209,,1.575,0.444,,0.894,,0.304,0.546,,,0.5136,,0.0695,0.131,,0.125,0.201,0.39,0.117,0.222,,,0.221,0.103,0.465,0.348,0.333,,,0.138,0.137,0.28,,0.265,,0.119,0.218,,0.062,,,0.101,,,0.229,,,0.149,0.072
07/31/2017 18:35:00,07/31/2017 19:05:00,0.234,0.15,3.395,0.111,3.259,1.54,,2.086,,0.714,1.608,,0.057117375,1.098426556,0.057923264,0.211445097,0.213,,0.228,0.321,0.661,0.161,0.333,,,0.382,0.179,0.654,0.49,0.655,,,0.193,0.235,0.437,0.075,0.489,,0.362,0.401,0.051,0.127,0.084,0.059,0.279,0.077,0.081,0.594,,,0.524,0.256
07/31/2017 19:35:00,07/31/2017 20:05:00,0.198,0.208,9.032,0.064,6.936,1.532,,3.999,0.064,1.363,1.501,,0.085033722,1.787433194,,0.183461778,0.369,0.054,0.338,0.539,0.981,0.235,0.416,,0.059,0.364,0.155,0.605,0.509,0.373,,,0.121,0.136,0.248,0.055,0.19,,0.064,0.087,,,,,0.051,,,0.066,,,,
07/31/2017 20:35:00,07/31/2017 21:05:00,0.341,0.243,10.109,0.107,11.447,2.799,,6.734,0.105,2.316,1.908,,0.099550917,1.984272583,,0.146975583,0.317,,0.296,0.326,0.774,0.18,0.239,,,0.214,0.087,0.253,0.257,0.355,,,,0.053,0.089,,0.078,,,,,,,,,,,,,,,
07/31/2017 21:34:00,07/31/2017 22:04:00,0.358,0.264,7.942,0.108,8.452,2.071,,4.988,0.085,1.725,1.594,,0.076796556,1.479002833,,0.103047389,0.237,,0.213,0.233,0.496,0.137,0.139,,,0.131,0.063,0.137,0.145,0.297,,,,,,,0.097,,,,,,,,,,,,,,,
07/31/2017 22:34:00,07/31/2017 23:04:00,0.386,0.263,9.593,0.096,6.186,1.312,,2.845,,0.973,1.132,,0.054017569,1.024778611,,0.072680069,0.198,,0.183,0.221,0.452,0.14,0.198,,,0.227,0.1,0.349,0.283,0.364,,,0.093,0.12,0.183,0.094,0.285,,0.109,0.129,,0.063,,,0.069,,,0.083,,,0.067,
07/31/2017 23:34:00,08/01/2017 0:04:00,0.362,0.269,20.14,0.098,11.372,2.762,,5.486,0.091,1.887,2.517,,0.11872175,2.288500083,,0.196929833,0.648,0.129,0.575,0.618,1.488,0.347,0.541,0.102,0.072,0.616,0.265,0.671,0.619,0.688,,,0.141,0.176,0.267,,0.332,,0.139,0.11,,0.057,,,0.076,,,0.095,,,0.065,
08/01/2017 0:33:00,08/01/2017 1:03:00,0.62,0.347,11.579,0.111,6.949,1.439,,2.933,0.057,1.001,1.589,,0.094111736,1.285072097,0.089064403,0.105888847,0.338,0.076,0.299,0.318,0.698,0.216,0.27,,,0.322,0.144,0.355,0.337,0.58,0.0736,,0.075,0.101,0.17,,0.274,,0.141,0.105,,0.061,,,0.108,,,0.079,,,0.068,
08/01/2017 1:33:00,08/01/2017 2:03:00,0.483,0.31,8.84,0.095,5.024,0.918,,1.92,,0.662,1.169,,0.071898556,0.870089,0.121878111,0.063427444,0.216,0.059,0.2,0.215,0.439,0.168,0.166,,,0.222,0.128,0.231,0.212,0.461,0.0662,,0.059,0.08,0.116,0.064,0.291,,0.097,0.061,,,,,,,,0.064,,,,
08/01/2017 2:33:00,08/01/2017 3:03:00,0.434,0.317,8.955,0.088,5.292,0.891,,1.823,,0.64,1.295,0.056831125,0.074744125,0.900021625,0.118673625,0.074744125,0.228,,0.21,0.217,0.441,0.162,0.177,,,0.227,0.141,0.248,0.221,0.519,0.0615,,0.078,0.093,0.126,,0.27,,0.131,0.078,,0.059,,,0.076,,,0.059,,,0.066,
08/01/2017 3:32:00,08/01/2017 4:02:00,0.358,0.303,10.019,0.079,5.345,1,,2.059,,0.701,1.214,,0.066134444,0.90924125,0.118741389,0.063665139,0.209,,0.191,0.201,0.418,0.142,0.168,,,0.226,0.123,0.256,0.223,0.481,0.0524,,0.069,0.094,0.141,,0.247,,0.125,0.105,,0.056,,,0.078,,,0.059,,,0.06,
08/01/2017 5:32:00,08/01/2017 6:02:00,0.702,0.501,9.505,0.195,5.374,1.418,,2.262,0.051,0.781,1.653,0.059858333,0.088590333,1.120112667,0.104044667,0.129838167,0.279,0.071,0.285,0.329,0.65,0.237,0.326,0.051,0.064,0.401,0.202,0.608,0.47,0.843,0.0831,0.058117,0.182,0.212,0.376,0.13,0.541,,0.266,0.247,,0.114,0.058,,0.198,,,0.226,,,0.141,
08/01/2017 6:32:00,08/01/2017 7:02:00,0.617,0.278,4.046,0.171,2.132,0.538,,0.967,,0.339,0.778,,,0.506539542,0.352484903,,0.139,,0.127,0.126,0.252,0.149,0.125,,,0.185,0.095,0.117,0.111,0.384,0.0892,,,,,0.086,0.188,,0.085,,,,,,,,,,,,,
08/01/2017 7:31:00,08/01/2017 8:01:00,0.276,0.249,2.969,0.074,3.708,0.328,,1.255,,0.431,0.359,,,0.334005222,0.161377028,,0.072,,0.053,0.058,0.126,0.077,,,,,,,,0.153,,,,,,,,,,,,,,,,,,,,,,
08/01/2017 8:31:00,08/01/2017 9:01:00,0.202,0.225,3.119,,2.023,0.421,,0.973,,0.336,0.409,,,0.418960208,,,0.079,,0.065,0.066,0.154,0.082,,0.056,,0.052,,0.053,0.056,0.088,,,,,,,,,,,,,,,,,,,,,,
08/01/2017 9:30:00,08/01/2017 10:00:00,0.114,0.141,2.431,,1.818,0.454,,0.973,,0.335,0.452,,,0.489027778,,,0.104,,0.1,0.14,0.281,0.1,0.16,,,0.172,0.08,0.374,0.273,0.359,,,0.124,0.15,0.284,,0.296,,0.14,0.252,,0.083,,,0.154,,,0.225,,,0.171,0.089
08/01/2017 10:30:00,08/01/2017 11:00:00,,0.164,3.491,,2.377,0.538,,1.101,,0.374,0.538,,,0.52453975,,,0.087,,0.077,0.087,0.215,0.073,0.08,,,0.096,,0.168,0.136,0.196,,,,0.061,0.117,,0.16,,,0.104,,,,,0.067,,,0.116,,,0.08,
08/01/2017 11:30:00,08/01/2017 12:00:00,0.063,0.152,2.501,,1.502,0.299,,0.743,,0.256,0.33,,,0.3431475,0.08459775,,0.065,,0.05,0.056,0.135,0.077,,,,,,0.07,0.068,0.071,,,,,0.055,,,,,,,,,,,,,,,,,
08/01/2017 12:29:00,08/01/2017 12:59:00,0.206,0.21,4.026,,2.429,0.539,,1.196,,0.406,0.495,,,0.489912306,0.057676972,,0.097,,0.077,0.091,0.218,0.097,0.079,,,,,0.168,0.132,0.143,,,0.055,0.063,0.116,,0.137,,0.057,0.117,,,,,,,,0.08,,,0.066,
08/01/2017 13:29:00,08/01/2017 13:59:00,0.158,0.145,4.586,,2.536,0.456,,1.141,,0.386,0.396,,,0.433764722,0.158890278,,0.077,,0.057,0.056,0.149,0.1,,,,,,,,,,,,,,,,,,,,,,,,,,,,,,
08/01/2017 14:29:00,08/01/2017 14:59:00,0.065,0.14,3.874,,2.27,0.362,,0.97,,0.336,0.308,,,0.3699285,0.119499375,,0.059,,,,0.116,0.098,,,,,,,,,,,,,,,,,,,,,,,,,,,,,,
08/01/2017 15:29:00,08/01/2017 15:59:00,0.096,0.139,3.014,,1.715,0.306,,0.726,,0.253,0.284,,,0.327668333,0.112360028,,0.06,,,0.063,0.133,0.091,0.053,,,0.055,,0.123,0.095,0.112,,,,0.057,0.101,,0.072,,,0.086,,,,,,,,0.077,,,0.059,
08/01/2017 16:28:00,08/01/2017 16:58:00,0.105,0.182,1.766,,0.937,0.123,,0.38,,0.126,0.154,,,0.139732014,0.139147361,,,,,,0.058,0.075,,,,,,,,,,,,,,,,,,,,,,,,,,,,,,
08/01/2017 17:28:00,08/01/2017 17:58:00,0.084,0.148,2.187,,1.229,0.213,,0.555,,0.189,0.243,,,0.266397333,0.075777333,,0.05,,,,0.099,0.074,,,,,,0.063,0.053,,,,,,,,,,,,,,,,,,,,,,,
08/01/2017 18:28:00,08/01/2017 18:58:00,0.417,0.236,4.982,0.101,4.967,1.973,,2.965,0.053,1.007,2.345,,0.087618056,1.740876042,0.068555208,0.187194792,0.33,0.051,0.333,0.466,0.922,0.231,0.544,0.069,0.079,0.649,0.319,1.383,0.98,1.319,,,0.512,0.559,1.169,0.237,1.447,,0.738,1.104,0.17,0.357,0.232,0.169,0.769,0.252,0.232,1.318,0.126,0.102,1.086,0.616
08/01/2017 19:28:00,08/01/2017 19:58:00,0.266,0.259,7.454,0.066,5.451,1.472,,3.138,0.1,1.103,1.774,0.075295778,0.099004417,1.301592361,0.141775278,0.081371861,0.257,,0.224,0.214,0.471,0.154,0.184,,,0.189,0.092,0.258,0.224,0.294,,,0.07,0.102,0.176,,0.159,,0.127,0.09,,,,,0.066,,,0.086,,,0.072,
08/01/2017 20:27:00,08/01/2017 20:57:00,0.41,0.305,8.28,0.126,6.258,1.662,,3.5,0.066,1.211,1.381,,0.071805125,1.224043625,0.08367275,0.079477125,0.212,,0.181,0.182,0.397,0.148,0.151,,,0.163,0.071,0.151,0.152,0.258,,,,0.057,0.095,,0.126,,,0.072,,,,,,,,0.065,,,,
08/01/2017 21:27:00,08/01/2017 21:57:00,0.88,0.332,24.062,0.364,14.56,3.988,,6.646,0.132,2.287,3.422,0.088890389,0.145577611,2.250723944,0.087563667,0.184052556,0.335,,0.318,0.309,0.671,0.22,0.287,,,0.37,0.174,0.388,0.332,0.656,0.0526,,0.119,0.16,0.27,0.127,0.529,,0.22,0.213,,0.102,0.058,,0.176,,,0.241,,,0.176,0.051
08/02/2017 10:06:00,08/02/2017 10:36:00,0.245,0.439,8.919,0.096,7.55,1.26,,3.177,0.053,1.089,1.137,,0.062138806,1.183512944,,0.087144361,0.194,,0.158,0.18,0.386,0.134,0.142,,,0.119,0.058,0.164,0.148,0.179,,,,0.053,0.076,0.056,0.147,,,0.074,,,,,,,,0.05,,,,
08/02/2017 11:06:00,08/02/2017 11:36:00,0.201,0.305,11.003,,6.909,1.368,,3.264,0.053,1.117,1.188,,0.064894167,1.063207917,,0.071308125,0.178,,0.148,0.144,0.374,0.113,0.103,,,0.094,,0.089,0.108,0.128,,,,,,,,,0.057,,,,,,,,,,,,,
08/02/2017 12:06:00,08/02/2017 12:36:00,0.091,0.197,7.089,,4.615,0.963,,2.172,,0.739,0.952,,,0.8567845,,0.0535095,0.154,,0.132,0.139,0.29,0.132,0.146,,,0.126,0.055,0.237,0.176,0.218,,,0.066,0.121,0.193,,0.244,,0.097,0.188,,0.075,,,0.118,,,0.221,,,0.174,0.084
08/02/2017 13:06:00,08/02/2017 13:36:00,0.263,0.378,7.913,0.075,5.299,1.211,,2.554,,0.871,1.12,,0.0595465,1.019034014,,0.056238361,0.186,,0.163,0.151,0.36,0.141,0.152,,,0.17,0.077,0.247,0.198,0.302,,,0.056,0.094,0.186,,0.19,,0.12,0.2,,0.072,,,0.133,,,0.226,,,0.215,0.122
08/02/2017 14:05:00,08/02/2017 14:35:00,0.2,0.274,7.16,0.062,5.853,1.38,,3.072,0.052,1.051,1.371,,0.073584028,1.332702722,0.063090306,0.080750472,0.203,,0.176,0.187,0.453,0.124,0.171,,,0.162,0.072,0.255,0.186,0.252,,,0.057,0.094,0.171,,0.18,,0.084,0.188,,0.07,,,0.148,,,0.268,,,0.216,0.095
08/02/2017 15:05:00,08/02/2017 15:35:00,0.111,0.19,4.716,,3.209,0.586,,1.491,,0.512,0.516,,,0.530278333,0.078383375,,0.104,,0.084,0.096,0.219,0.091,0.068,,,0.059,,0.06,0.073,0.09,,,,,,,,,,,,,,,,,,,,,,
08/02/2017 16:05:00,08/02/2017 16:35:00,0.057,0.105,15.005,,9.288,1.405,,3.162,0.052,1.079,1.121,,0.058508889,1.163446667,,0.066793333,0.196,,0.164,0.179,0.423,0.139,0.178,,,0.178,0.077,0.274,0.242,0.23,,,0.073,0.093,0.203,,0.193,,0.087,0.209,,0.07,,,0.118,,,0.222,,,0.193,0.108
08/02/2017 17:05:00,08/02/2017 17:35:00,0.056,0.143,9.253,,6.79,1.44,,3.689,0.061,1.257,1.144,,0.069125875,1.367416556,,0.085007903,0.232,,0.182,0.199,0.564,0.12,0.184,,,0.153,0.066,0.171,0.208,0.144,,,,,0.071,,,,,,,,,,,,,,,,,
08/02/2017 18:04:00,08/02/2017 18:34:00,0.143,0.203,7.242,,6.65,1.601,,4.411,0.069,1.512,1.523,,0.092034417,1.9095505,0.07344425,0.130131167,0.323,,0.26,0.3,0.8,0.134,0.275,,,0.237,0.097,0.245,0.303,0.162,,,,0.056,0.083,,,,,,,,,,,,,,,,,
08/02/2017 19:04:00,08/02/2017 19:34:00,0.552,0.239,52.386,0.185,48.231,12.1,,34.181,0.518,11.721,12.125,0.080044889,0.736728944,15.42035821,0.090445458,1.069415514,2.625,,2.193,2.446,6.18,0.956,2.263,0.269,0.232,2.051,0.91,2.139,2.521,1.328,,,0.519,0.405,0.768,0.108,0.478,,0.223,0.25,,0.052,,,,,,0.096,,,,
08/02/2017 20:04:00,08/02/2017 20:34:00,0.318,0.273,5.858,0.091,4.937,1.018,,2.565,,0.871,0.827,,,0.866617667,,0.065797278,0.152,,0.127,0.148,0.316,0.103,0.104,,,0.092,,0.11,0.128,0.1,,,,,,,,,,,,,,,,,,,,,,
08/02/2017 22:03:00,08/02/2017 22:33:00,0.44,0.265,22.837,0.108,17.557,4.591,,11.956,0.183,4.152,5.059,,0.297037806,6.39119875,,0.502916194,1.238,0.164,1.064,1.234,3.298,0.517,1.179,0.145,,1.166,0.486,1.211,1.452,0.835,,,0.31,0.265,0.507,,0.296,,0.132,0.178,,0.052,,,0.059,,,0.063,,,,
08/02/2017 23:03:00,08/02/2017 23:33:00,0.316,0.258,8.432,0.073,5.792,1.288,,3.189,0.053,1.109,1.26,,0.069317569,1.403579833,,0.108216167,0.259,,0.224,0.25,0.62,0.158,0.212,,,0.202,0.092,0.226,0.259,0.255,,,,0.065,0.059,,,,,,,,,,,,,,,,,
08/03/2017 0:03:00,08/03/2017 0:33:00,0.64,0.339,21.616,0.137,15.899,3.588,,8.436,0.131,2.905,3.16,,0.181211333,3.800295333,,0.327371333,0.805,0.104,0.689,0.908,2.206,0.459,0.889,0.121,,0.881,0.393,1.118,1.186,0.831,,,0.298,0.262,0.497,0.082,0.379,,0.133,0.197,,,,,0.063,,,0.124,,,0.059,
08/03/2017 1:03:00,08/03/2017 1:33:00,0.159,0.231,6.407,,4.956,0.875,,2.438,,0.836,0.696,,,0.848529056,,0.071844667,0.135,,0.108,0.153,0.311,0.137,0.102,,,0.083,,0.114,0.117,0.086,,,,,,,,,,,,,,,,,,,,,,
08/03/2017 2:02:00,08/03/2017 2:32:00,0.257,0.197,17.158,,11.659,2.66,,7.235,0.108,2.481,3.338,,0.215605556,4.599402778,,0.429843056,1.119,,0.994,1.345,3.377,0.556,1.419,0.053,,1.432,0.627,1.698,2.003,1.133,,,0.499,0.413,0.858,0.052,0.52,,0.231,0.338,,0.072,,,0.105,,,0.166,,,0.086,
08/03/2017 3:02:00,08/03/2017 3:32:00,0.197,0.188,34.342,0.056,23.797,5.406,,15.323,0.235,5.298,8.165,,0.522795875,11.0203885,,1.133205792,2.953,,2.662,3.774,8.957,1.484,4.063,0.486,0.467,4.026,1.878,5.113,5.88,3.477,,,1.634,1.254,2.681,0.295,1.825,,0.87,1.123,0.1,0.22,0.142,0.104,0.448,0.089,0.093,0.692,,,0.383,0.19
08/03/2017 4:01:00,08/03/2017 4:31:00,0.137,0.14,41.765,0.071,31.2,7.797,,21.815,0.334,7.565,12.395,0.0634695,0.801319722,16.97083167,,1.805492944,4.761,0.52,4.272,6.124,14.727,2.461,6.821,0.782,0.817,6.905,3.195,8.869,9.839,5.823,,0.063054667,2.774,2.147,4.591,0.459,3.126,0.078,1.505,1.909,0.176,0.379,0.251,0.165,0.716,0.16,0.162,1.142,0.096,0.059,0.62,0.327
08/03/2017 5:01:00,08/03/2017 5:31:00,0.229,0.236,6.946,,4.092,0.691,,1.612,,0.552,0.51,,,0.5254725,,,0.104,,0.087,0.085,0.189,0.098,0.067,,,0.057,,0.06,0.068,0.093,,,,,,,,,,,,,,,,,,,,,,
08/03/2017 6:01:00,08/03/2017 6:31:00,0.605,0.365,11.56,0.141,5.667,1.064,,2.516,0.056,0.874,0.973,,0.07560475,0.91354575,,0.05799625,0.172,,0.147,0.148,0.322,0.162,0.093,,,0.105,0.05,0.087,0.11,0.23,,,,,,,0.059,,,,,,,,,,,,,,,
08/03/2017 7:00:00,08/03/2017 7:30:00,1.118,1.558,5.657,0.203,3.983,0.718,,1.733,,0.602,0.949,,0.078250764,0.852329236,,,0.161,,0.144,0.136,0.269,,0.082,,,0.128,0.076,,,0.317,,,,,,0.052,0.126,,,,,,,,,,,,,,,
08/03/2017 8:00:00,08/03/2017 8:30:00,0.225,0.238,10.062,,6.872,1.487,,3.626,0.062,1.241,1.497,,0.097160889,1.955221667,,0.197005,0.484,0.065,0.457,0.668,1.537,0.324,0.742,0.059,,0.752,0.343,1.045,1.131,0.768,,,0.315,0.274,,,0.393,,0.305,0.28,,0.074,,,0.12,,,0.219,,,0.135,
08/03/2017 9:00:00,08/03/2017 9:30:00,0.248,0.273,29.719,0.085,22.425,5.54,,12.825,0.198,4.465,5.534,,0.35177275,7.506046875,,0.839683542,1.996,0.213,1.855,2.89,6.5,1.18,3.254,0.368,,3.297,1.551,4.659,5.089,3.343,,0.964322958,1.523,1.208,2.684,0.293,1.918,,0.951,1.287,0.113,0.276,0.191,0.121,0.574,0.134,0.124,0.985,,0.055,0.573,0.23
08/03/2017 11:59:00,08/03/2017 12:29:00,0.143,0.282,9.877,,6.058,1.327,,2.956,,1.006,0.982,,0.052476667,1.165155,,0.0696325,0.206,,0.169,0.193,0.481,0.132,0.161,,,0.175,0.072,0.203,0.205,0.139,,,,0.051,0.05,,,,,,,,,,,,,,,,,
08/03/2017 12:59:00,08/03/2017 13:29:00,0.154,0.239,6.44,,4.209,0.818,,1.912,,0.654,0.634,,,0.726252722,,,0.121,,,0.1,0.245,0.084,0.072,,,0.062,,0.071,0.081,0.062,,,,,,,,,,,,,,,,,,,,,,
08/03/2017 13:58:00,08/03/2017 14:28:00,0.188,0.221,5.767,,3.793,0.778,,1.796,,0.617,0.63,,,0.63309225,,,0.123,,,0.1,0.264,0.092,0.061,,,0.07,,0.062,0.081,0.085,,,,,,,,,,,,,,,,,,,,,,
08/03/2017 14:58:00,08/03/2017 15:28:00,0.364,0.289,6.788,,4.898,1.016,,2.608,,0.901,0.962,,0.056061625,0.920552375,0.066307875,0.064551375,0.176,,,0.153,0.368,0.117,0.106,,,0.116,0.062,0.11,0.13,0.183,,,,0.051,,,,,,,,,,,,,,,,,,
08/03/2017 15:58:00,08/03/2017 16:28:00,0.313,0.269,7.992,,5.734,1.214,,2.982,,1.027,1.102,,0.068259556,1.265449778,0.055902222,0.094004,0.258,,,0.271,0.637,0.152,0.247,,,0.256,0.114,0.341,0.36,0.313,,,0.083,0.104,0.16,,0.093,,,0.065,,,,,,,,,,,,
08/03/2017 16:58:00,08/03/2017 17:28:00,0.238,0.324,6.994,,4.447,0.914,,2.186,,0.749,0.724,,,0.817151597,,0.052485764,0.161,,0.136,0.16,0.362,0.116,0.126,0.052,,0.139,0.058,0.156,0.17,0.184,,,,0.058,,,,,,,,,,,,,,,,,,
08/03/2017 17:57:00,08/03/2017 18:27:00,0.426,0.316,10.514,0.089,12.938,5.3,,11.448,0.175,3.937,4.319,,0.209353917,4.390786083,,0.284537083,0.826,,0.711,0.814,2.099,0.404,0.874,0.118,,0.879,0.435,1.278,1.265,0.964,,,0.321,0.331,0.624,0.057,0.463,,0.289,0.341,,0.092,0.052,,0.157,,,0.36,,,0.269,0.089
08/03/2017 18:57:00,08/03/2017 19:27:00,0.308,0.288,11.01,0.061,8.415,1.837,,4.17,0.07,1.429,1.334,,0.074958361,1.393001097,0.052560444,0.087202556,0.235,,0.191,0.205,0.502,,0.155,,,0.144,0.065,0.17,0.166,0.192,,,,,,,,,,,,,,,,,,,,,,
08/03/2017 19:57:00,08/03/2017 20:27:00,0.306,0.324,7.39,0.064,4.58,0.897,,2.041,,0.702,0.708,,,0.810900222,,,0.139,,,0.113,0.302,0.093,0.086,,,0.226,0.115,0.137,0.19,0.14,,,,,,,,,,,,,,,,,,,,,,
08/03/2017 20:57:00,08/03/2017 21:27:00,0.164,0.232,8.699,,4.957,0.953,,2.125,,0.735,0.735,,,0.840211167,,0.050515208,0.153,,0.126,0.156,0.361,0.093,0.149,,,0.313,0.17,0.272,0.309,0.158,,,,0.057,0.092,,,,,,,,,,,,,,,,,
08/03/2017 21:56:00,08/03/2017 22:26:00,0.368,0.338,7.797,0.071,5.385,1.324,,2.439,,0.842,1.138,,0.077885278,1.209040139,,0.098644583,0.281,,0.251,0.321,0.717,0.178,0.354,,,0.402,0.201,0.498,0.489,0.465,0.0632,,0.122,0.126,0.192,,0.167,,0.078,0.079,,0.05,,,0.052,,,,,,,
08/03/2017 23:56:00,08/04/2017 0:26:00,0.415,0.332,9.788,0.094,5.32,1.179,,2.159,,0.743,,,0.063495,0.785961,,0.057681,0.203,,,0.176,0.419,0.126,0.112,,,0.15,0.087,0.106,0.13,0.376,0.2613,0.25857,,,,,,,,,,,,,,,,,,,,
08/04/2017 0:56:00,08/04/2017 1:26:00,0.472,0.321,12.823,0.086,6.649,1.325,,2.661,0.052,0.902,1.222,,0.069949931,1.033875347,,0.075945639,0.233,,,0.202,0.47,0.138,0.154,,,0.19,0.113,0.158,0.153,0.382,0.1936,0.208619903,,0.06,,,0.103,,,,,,,,,,,,,,,
08/04/2017 1:56:00,08/04/2017 2:26:00,0.51,0.435,18.708,0.101,9.261,1.865,,3.658,0.068,1.249,1.705,,0.107976083,1.414193194,,0.107821611,0.324,,0.295,0.315,0.676,,0.283,,,0.356,0.158,0.34,0.331,0.587,0.1189,0.066886472,0.078,0.11,,,0.196,,,,,0.053,,,,,,,,,,
08/04/2017 2:55:00,08/04/2017 3:25:00,0.664,0.525,18.691,0.139,9.789,2.066,,4.111,0.072,1.417,1.781,,0.099022917,1.697203125,,0.131461458,0.368,,0.33,0.384,0.875,0.2,0.337,,,0.361,0.175,0.442,0.434,1.141,,,0.104,0.122,0.168,,0.229,,0.098,0.067,,0.05,,,0.053,,,0.055,,,,
08/04/2017 3:55:00,08/04/2017 4:25:00,0.437,0.393,9.698,0.068,5.709,1.231,,2.661,0.052,0.931,1.279,,0.074541444,1.049350167,0.050526,0.075477111,0.247,0.06,0.217,0.229,0.516,0.138,0.181,,,0.206,0.123,0.219,0.233,0.365,,,,0.081,,,0.076,,,,,,,,,,,,,,,
08/04/2017 4:55:00,08/04/2017 5:25:00,0.52,0.368,12.122,0.103,7.469,1.514,,3.188,0.061,1.096,1.354,,0.081630569,1.282900389,0.056248319,0.095731819,0.291,,0.258,0.312,0.679,0.16,0.29,,,,0.136,0.377,0.377,0.4,,,,0.111,0.159,0.058,0.15,,0.187,0.058,,,,,,,,,,,,
08/04/2017 5:55:00,08/04/2017 6:25:00,0.735,0.342,19.061,0.189,15.287,4.031,,7.578,0.121,2.62,2.91,,0.154268333,2.931728,0.063438917,0.234550833,0.503,0.067,0.46,0.58,1.401,0.244,0.535,0.052,,0.538,0.25,0.734,0.683,0.726,,,0.204,0.189,0.322,0.101,0.319,,0.153,0.183,,0.079,,,0.112,,,0.229,,,0.133,
08/04/2017 6:54:00,08/04/2017 7:24:00,0.826,0.483,32.438,0.175,19.633,4.049,,8.526,0.141,2.936,2.56,,0.151035903,2.839316819,0.065791556,0.203384472,,0.086,0.451,0.502,1.229,0.292,0.405,0.054,,0.397,0.176,0.456,0.409,0.565,,,0.08,0.104,0.131,,0.165,,,0.063,,,,,,,,,,,,
08/04/2017 7:54:00,08/04/2017 8:24:00,0.893,0.485,23.406,0.189,16.632,3.488,,8.096,0.13,2.764,2.522,,0.140934444,2.757993333,0.055452222,0.193208889,0.436,,0.375,0.42,1.005,,0.3,0.056,,0.322,0.139,0.311,0.28,0.366,,,0.057,0.091,0.095,,0.09,,,0.06,,,,,,,,,,,,
08/04/2017 8:54:00,08/04/2017 9:24:00,0.718,0.469,23.562,0.151,18.762,4.467,,10.126,0.164,3.464,3.54,,0.190113375,3.89708475,0.0900285,0.270724,0.594,,0.518,0.602,1.476,0.276,0.503,0.054,,0.484,0.23,0.617,0.604,0.648,,,,0.17,0.281,,0.237,,,0.227,,0.076,,,,,,0.28,,,0.156,
08/04/2017 9:53:00,08/04/2017 10:23:00,0.999,0.59,33.718,0.178,27.777,7.249,,15.404,0.244,5.379,5.397,,0.303403222,6.350620722,0.066870583,0.462000361,0.944,,0.839,1.009,2.514,0.404,0.89,0.055,,0.972,0.432,1.143,1.161,1.113,,,,0.289,0.503,,0.454,,0.248,0.363,,0.106,,,,,,0.451,,,0.302,0.093
08/04/2017 10:53:00,08/04/2017 11:23:00,0.805,0.668,22.822,0.123,17.61,3.958,,9.292,0.145,3.182,3.095,,0.169796472,3.198102056,0.0753935,0.214098208,0.525,,0.448,0.498,1.146,0.282,0.391,0.05,,0.405,,,0.402,,,,,0.13,0.116,,0.115,,,0.068,,,,,,,,,,,,
08/04/2017 22:33:00,08/04/2017 23:03:00,0.67,0.646,4.957,0.151,2.353,0.534,,1.168,,0.389,0.777,,,0.6389,,,0.139,0.478,0.119,0.128,0.294,0.206,0.071,,,0.13,0.056,0.071,0.089,0.412,,,,,,0.092,,,0.095,,,,0.056,,0.055,,,,,,,
08/04/2017 23:33:00,08/05/2017 0:03:00,0.411,0.409,9.03,0.097,4.602,1.094,,2.362,,0.802,1.235,,,1.260354545,,0.090414545,0.321,1.045,0.267,0.292,0.719,0.265,0.245,,,0.3,0.122,0.299,0.315,0.532,,,0.079,0.06,0.12,0.102,,,0.075,,,,,,,,,,,,,
08/05/2017 2:32:00,08/05/2017 3:02:00,0.361,0.406,57.959,0.211,37.449,8.115,0.071,21.739,0.318,7.398,8.948,0.064669091,0.523985455,12.53492182,,1.050147273,2.598,8.278,2.414,3.707,7.971,1.542,3.991,0.444,0.527,4.414,2.026,7.355,7.173,5.274,,1.67124,2.565,2.219,4.773,2.452,0.843,0.114,1.891,2.701,0.235,0.52,0.862,0.229,1.053,0.279,0.255,1.477,0.17,0.101,0.89,0.51
08/05/2017 3:32:00,08/05/2017 4:02:00,0.766,0.462,42.658,0.167,27.159,0.383,,,,,,,,,,,,,,,,,,,,,,,,,,,,,,,,,,,,,,,,,,,,,,
08/05/2017 4:31:00,08/05/2017 5:01:00,1.265,0.657,25.7,0.255,21.877,4.652,,12.273,0.165,4.175,3.929,,0.193192727,4.67828,,0.283672727,0.638,2.071,0.521,0.627,1.414,0.384,0.436,,0.056,0.481,0.219,0.478,0.452,0.648,,,0.098,0.099,0.153,0.159,,,0.144,0.093,,,0.085,,0.089,,,0.083,,,0.059,
08/05/2017 7:30:00,08/05/2017 8:00:00,0.102,0.291,2.613,,1.221,0.254,,0.616,,0.205,0.319,,,0.320218182,,,,0.18,,,0.144,0.119,,,,,,,,0.054,,,,,,,,,,,,,,,,,,,,,,
08/05/2017 8:30:00,08/05/2017 9:00:00,0.266,0.284,27.882,0.099,17.114,3.489,,9.2,0.121,3.129,3.248,,0.178363636,4.725927273,,0.343963636,0.921,2.976,0.828,1.217,2.769,0.595,1.365,0.122,0.181,1.45,0.649,2.484,2.402,1.774,,0.527127273,0.883,0.77,1.684,0.939,0.361,,0.66,0.954,0.079,0.178,0.301,0.073,0.353,0.072,0.095,0.494,,,0.294,0.175
08/05/2017 10:30:00,08/05/2017 11:00:00,0.318,0.465,5.925,0.051,4.527,1.225,,2.78,,0.929,1.138,,,1.324476364,,0.076749091,0.189,0.628,0.155,0.203,0.5,0.192,0.183,,,0.21,0.088,0.306,0.293,0.319,,,0.087,0.084,0.163,0.085,,,0.081,0.125,,,,,0.054,,,0.119,,,0.083,0.054
08/05/2017 12:29:00,08/05/2017 12:59:00,0.126,0.27,4.908,,4.487,0.934,,2.503,,0.849,0.747,,,0.856501818,0.098636364,,0.096,0.338,0.059,,0.225,0.131,,,,0.05,,0.054,0.059,0.065,,,,,,,,,,,,,,,,,,,,,,
08/05/2017 14:29:00,08/05/2017 14:59:00,0.084,0.309,39.099,0.142,25.884,5.917,,15.315,0.211,5.23,5.916,,0.349249091,8.743712727,,0.711556364,1.81,5.816,1.681,2.628,5.607,1.186,3.025,0.282,0.394,3.24,1.513,6.161,5.627,4.45,,1.484050909,2.217,2.206,4.426,2.541,0.866,0.107,1.967,3.078,0.297,0.666,1.08,0.286,1.344,0.371,0.333,2.084,0.199,0.154,1.401,0.78
08/05/2017 15:28:00,08/05/2017 15:58:00,0.181,0.519,18.114,0.064,11.011,2.241,,5.85,0.065,1.965,2.113,,0.115223636,3.0226,,0.216246364,0.55,1.777,0.493,0.725,1.645,0.414,0.828,,0.102,0.89,0.404,1.608,1.489,1.255,,0.369916364,0.601,0.522,1.163,0.657,0.184,,0.599,0.752,0.069,0.157,0.255,0.063,0.3,0.094,0.085,0.501,,,0.319,0.215
08/05/2017 16:28:00,08/05/2017 16:58:00,0.307,0.483,33.007,0.091,23.015,4.925,,13.01,0.167,4.436,4.541,,0.266123636,6.671709091,,0.476043636,1.253,4.013,1.147,1.647,3.661,0.775,1.787,0.145,0.241,1.893,0.892,3.52,3.222,2.56,,0.792203636,1.24,1.154,2.519,1.38,0.439,,1.044,1.598,0.143,0.337,0.562,0.14,0.67,0.18,0.148,0.91,0.078,0.06,0.598,0.389
08/05/2017 17:28:00,08/05/2017 17:58:00,0.269,0.252,23.14,0.064,14.773,3.189,,8.219,0.101,2.788,3.063,,0.162657273,4.404529091,0.060160909,0.332350909,0.844,2.711,0.761,1.165,2.44,0.542,1.247,0.08,0.154,1.309,0.591,2.378,2.173,1.764,,0.585190909,0.848,0.787,1.713,0.974,0.295,,0.732,1.121,0.096,0.224,0.384,0.093,0.463,0.128,0.114,0.672,0.055,,0.427,0.256
08/07/2017 12:21:00,08/07/2017 12:51:00,0.281,0.412,11.096,,6.556,1.271,,3.014,,1.016,1.051,,,1.072463636,,0.053320909,0.156,0.525,0.113,0.145,0.379,0.164,0.124,,,0.126,,0.166,0.153,0.135,,,,,,,,,0.083,,,,,,,,,,,,,
08/07/2017 13:20:00,08/07/2017 13:50:00,0.245,0.407,10.442,,6.248,1.186,,2.866,,0.98,0.868,,,1.01304,,,0.135,0.441,0.089,0.118,0.309,0.155,0.081,,,0.079,,0.1,0.094,0.087,,,,,,,,,,,,,,,,,,,,,,
08/07/2017 14:20:00,08/07/2017 14:50:00,0.226,0.548,10.207,,6.511,1.132,,2.963,,1.007,0.83,,,0.947086364,,0.051545455,0.121,0.409,0.083,0.11,0.305,0.166,0.075,,,0.082,,0.083,0.078,0.092,,,,,,,,,,,,,,,,,,,,,,
08/07/2017 15:20:00,08/07/2017 15:50:00,0.346,0.514,7.216,0.068,3.985,0.696,,1.71,,0.589,0.607,,,0.644516364,,,0.104,0.364,0.076,0.11,0.301,0.205,0.071,,,0.088,,0.103,0.097,0.166,,,,,,,,,,,,,,,,,,,,,,
08/07/2017 16:20:00,08/07/2017 16:50:00,1.659,0.84,5.955,0.287,3.276,0.575,,1.386,,0.472,0.48,,,0.470532727,,,0.07,0.228,,,0.189,0.204,,,,,,,,0.104,,,,,,,,,,,,,,,,,,,,,,
08/07/2017 17:19:00,08/07/2017 17:49:00,0.182,0.385,4.494,,2.271,0.375,,0.889,,0.292,0.316,,,0.303098182,,,,0.17,,,0.126,0.126,,,,,,,,0.08,,,,,,,,,,,,,,,,,,,,,,
08/07/2017 18:19:00,08/07/2017 18:49:00,0.282,0.414,3.374,0.052,1.947,0.271,,0.577,,0.196,0.282,,,0.226317273,,,,0.142,,,0.123,0.125,,,,,,,,0.102,,,,,,,,,,,,,,,,,,,,,,
08/07/2017 19:19:00,08/07/2017 19:49:00,0.417,0.45,3.984,0.085,1.873,0.357,,0.758,,0.251,0.408,,,0.348345455,,,0.064,0.232,,,0.158,0.157,,,,0.054,,,,0.174,,,,,,,,,,,,,,,,,,,,,,
08/07/2017 20:19:00,08/07/2017 20:49:00,0.34,0.375,5.104,0.058,2.704,0.494,,1.115,,0.372,0.518,,,0.463377273,,,0.081,0.275,,0.063,0.182,0.156,,,,0.062,,,,0.152,,,,,,,,,,,,,,,,,,,,,,
08/07/2017 22:18:00,08/07/2017 22:48:00,0.772,0.648,16.039,0.156,9.913,1.951,,4.746,0.052,1.602,1.757,,0.06968,1.89995,,0.11193,0.316,1.04,0.253,0.316,0.737,0.262,0.257,,,0.299,0.124,0.335,0.324,0.463,,,0.074,0.096,0.144,0.132,,,0.089,0.067,,,0.08,,0.064,,,,,,,
08/07/2017 23:18:00,08/07/2017 23:48:00,1.326,0.95,36.138,0.325,28.032,6.787,,17.218,0.242,5.984,6.756,0.057861818,0.354109091,8.6184,,0.616450909,1.444,4.605,1.279,1.673,3.833,0.746,1.534,0.142,0.197,1.7,0.756,2.439,2.324,2.006,,0.511854545,0.79,0.769,1.554,0.972,0.336,0.051,0.717,0.994,0.101,0.255,0.393,0.099,0.466,0.163,0.122,0.653,0.073,,0.454,0.244
08/08/2017 0:17:00,08/08/2017 0:47:00,0.904,0.595,16.077,0.181,11.448,2.398,,6.269,0.071,2.124,2.381,,0.106509091,2.657059091,,0.171890909,0.44,1.418,0.358,0.456,0.958,0.304,0.337,,,0.342,0.14,0.37,0.351,0.46,,,0.076,0.075,0.09,0.142,,,0.082,,,,0.052,,0.084,,,,,,,
08/08/2017 1:17:00,08/08/2017 1:47:00,0.308,0.373,11.357,0.05,7.344,1.139,,2.912,,1,0.911,,,0.948734545,,0.059594545,0.15,0.477,0.099,0.158,0.33,0.132,0.105,,,0.098,,0.131,0.108,0.134,,,,,,,,,,,,,,,,,,,,,,
08/08/2017 2:17:00,08/08/2017 2:47:00,0.54,0.559,15.983,0.119,11.124,2.287,,5.43,0.058,1.865,2.071,,0.083923636,2.265804545,,0.163437273,0.347,1.116,0.28,0.366,0.804,0.226,0.289,,,0.3,0.121,0.379,0.343,0.373,,,0.084,0.087,0.151,0.106,,,0.103,0.099,,,0.077,,0.07,,,0.145,,,0.081,
08/08/2017 3:17:00,08/08/2017 3:47:00,0.313,0.419,18.29,0.08,12.435,2.506,,6.539,0.072,2.233,2.249,,0.103061818,2.738807273,,0.175043636,0.458,1.456,0.368,0.484,1.101,0.249,0.397,,,0.382,0.155,0.518,0.473,0.357,,,0.104,0.1,0.158,0.085,,,,0.077,,,,,,,,,,,,
08/08/2017 4:17:00,08/08/2017 4:47:00,0.362,0.506,36.594,0.075,23.17,4.911,,11.818,0.147,4.03,4.037,,0.192345455,4.905621818,,0.308836364,0.843,2.717,0.713,0.885,2.014,0.508,0.779,,0.08,0.8,0.328,1.16,0.985,0.761,,0.127462727,0.232,0.262,0.362,0.21,,,0.123,0.17,,,0.061,,0.072,,,0.061,,,,
08/08/2017 5:16:00,08/08/2017 5:46:00,0.45,0.433,30.532,0.08,23.282,4.411,,11.366,0.139,3.857,2.941,,0.137045455,3.622772727,,0.211636364,0.456,1.495,0.356,0.482,1.123,0.256,0.328,,,0.432,0.189,0.387,0.361,0.283,,,0.07,0.065,0.107,,,,,0.051,,,,,,,,,,,,
08/08/2017 6:16:00,08/08/2017 6:46:00,0.524,0.515,11.269,0.091,6.693,1.552,,3.472,0.09,1.227,1.562,0.059027273,0.101444545,1.355705455,,0.058752727,0.214,0.689,0.163,0.163,0.401,0.198,0.105,,,0.149,0.059,0.124,0.125,0.259,,,,,,,,,,,,,,,,,,,,,,
08/08/2017 7:16:00,08/08/2017 7:46:00,0.415,0.548,8.61,0.062,5.133,0.915,,2.188,,0.746,0.782,,,0.802421818,,,0.119,0.392,0.081,0.102,0.282,0.144,0.065,,,0.079,,0.086,0.085,0.15,,,,,,,,,,,,,,,,,,,,,,
08/08/2017 8:16:00,08/08/2017 8:46:00,0.378,0.49,9.762,0.055,5.302,0.993,,2.34,,0.795,0.911,,,0.952911818,,,0.179,0.613,0.133,0.144,0.435,0.18,0.114,,,0.137,,0.134,0.135,0.173,,,,,,,,,,,,,,,,,,,,,,
08/08/2017 10:15:00,08/08/2017 10:45:00,0.123,0.441,6.093,,3.736,0.932,,1.75,,0.591,0.702,,,0.735122727,,,0.091,0.323,0.059,0.088,0.255,0.122,0.061,,,0.1,,0.114,0.099,0.236,,,,,,0.06,,,,0.129,,,0.071,,0.098,,,0.216,,,0.19,0.078
08/08/2017 11:14:00,08/08/2017 11:44:00,0.292,0.283,6.219,,4.155,0.962,,1.969,,0.656,0.752,,,0.786098182,,,0.089,0.319,0.057,0.079,0.261,0.131,0.057,,,0.083,,0.089,0.086,0.179,,,,,,,,,0.084,0.094,,,0.061,,0.069,,,0.215,,,0.21,0.116
08/08/2017 12:14:00,08/08/2017 12:44:00,0.158,0.391,11.738,,7.805,1.536,,3.798,,1.275,1.192,,,1.478511818,,0.085208182,0.214,0.714,0.166,0.209,0.593,0.169,0.173,,,0.219,0.079,0.208,0.228,0.236,,,,,0.072,,,,0.072,0.117,,,0.051,,0.063,,,0.204,,,0.164,0.086
08/08/2017 13:14:00,08/08/2017 13:44:00,0.267,0.371,20.875,,12.435,2.612,,5.906,0.058,1.988,1.966,,0.087187273,2.337107273,,0.143061818,0.364,1.174,0.295,0.376,0.923,0.247,0.296,,,0.355,0.158,0.442,0.449,0.475,,,0.098,0.104,0.156,0.127,,,0.213,0.218,,0.07,0.119,,0.135,,,0.358,,,0.308,0.159
08/08/2017 15:14:00,08/08/2017 15:44:00,0.177,0.362,2.803,,1.211,0.189,,0.394,,0.13,0.231,,,0.140218182,0.149236364,,,0.107,,,0.076,0.127,,,,,,,,0.104,,,,,,,,,,,,,,,,,,,,,,
08/08/2017 16:13:00,08/08/2017 16:43:00,0.174,0.461,2.535,,0.962,0.151,,0.355,,0.107,0.221,,,0.115334545,0.13846,,,0.087,,,0.063,0.121,,,,,,,,0.082,,,,,,,,,,,,,,,,,,,,,,
08/08/2017 17:13:00,08/08/2017 17:43:00,0.15,0.42,2.85,,1.049,0.144,,0.373,,0.117,0.196,,,0.101323636,0.127685455,,,0.087,,,0.062,0.113,,,,,,,,0.066,,,,,,,,,,,,,,,,,,,,,,
08/08/2017 18:13:00,08/08/2017 18:43:00,0.182,0.63,2.516,,0.927,0.173,,0.337,,0.11,0.285,,,0.158258182,0.129362727,,,0.14,,,0.081,0.139,,,,,,,,0.16,,,,,,,,,,,,,,,,,,,,,,
08/08/2017 19:12:00,08/08/2017 19:42:00,0.438,0.576,3.448,0.076,1.485,0.246,,0.441,,0.149,0.399,,,0.215585455,0.161018182,,0.055,0.193,,,0.116,0.159,,,,0.057,,,,0.256,,,,,,0.052,,,0.055,,,,,,,,,,,,,
08/08/2017 20:12:00,08/08/2017 20:42:00,0.48,0.565,3.536,0.119,1.469,0.28,,0.49,,0.162,0.444,,,0.25725,0.1497,,0.069,0.25,,,0.166,0.167,,,,0.072,,,,0.311,,,,,,,,,,,,,0.069,,,,,,,,,
08/08/2017 22:12:00,08/08/2017 22:42:00,1.794,0.957,29.152,0.392,26.889,7.205,,15.32,0.203,5.305,7.353,0.062397273,0.322917273,8.031940909,,0.66633,1.305,4.153,1.186,1.553,3.431,0.689,1.397,0.135,0.184,1.452,0.679,1.898,1.831,1.819,0.0736,0.376509091,0.56,0.53,0.96,0.762,0.271,0.056,0.626,0.82,0.086,0.241,0.394,0.099,0.478,0.115,0.131,0.859,0.097,0.06,0.703,0.391
08/08/2017 23:11:00,08/08/2017 23:41:00,0.657,0.568,29.846,0.111,18.138,3.875,,9.101,0.107,3.082,3.018,,0.133178182,3.620705455,,0.194269091,0.559,1.796,0.456,0.557,1.334,0.318,0.435,,,0.475,0.198,0.58,0.546,0.52,,0.062923636,0.143,0.136,0.212,0.185,,,0.206,0.173,,,0.077,,0.086,,,0.136,,,0.084,0.07
08/09/2017 0:11:00,08/09/2017 0:41:00,0.814,0.558,26.546,0.114,15.336,3.083,,6.97,0.082,2.4,2.447,,0.110618182,2.657448182,,0.149180909,0.421,1.375,0.339,0.367,0.896,0.269,0.282,,,0.308,0.119,0.357,0.33,0.457,,,0.062,0.073,0.076,0.131,,,0.068,0.052,,,0.056,,,,,,,,,
08/09/2017 1:11:00,08/09/2017 1:41:00,0.634,0.496,46.999,0.103,30.689,6.511,,18.441,0.256,6.384,6.846,,0.408,9.636527273,,0.659136364,1.753,5.585,1.497,2.009,4.723,0.954,1.873,0.169,0.232,1.895,0.868,2.803,2.765,2.164,,0.556827273,0.859,0.781,1.568,0.898,0.263,,0.797,0.875,0.075,0.203,0.317,0.078,0.371,0.059,0.076,0.455,0.059,,0.262,0.167
08/09/2017 2:11:00,08/09/2017 2:41:00,0.563,0.464,17.859,0.093,11.147,2.354,,5.863,0.058,1.985,2.243,,0.106952727,2.59065,,0.191830909,0.453,1.448,0.389,0.506,1.137,0.31,0.404,,0.052,0.423,0.169,0.549,0.531,0.676,,0.107419091,0.138,0.136,0.253,0.208,,,0.142,0.142,,0.05,0.086,,0.086,,,0.117,,,0.07,
08/09/2017 3:10:00,08/09/2017 3:40:00,0.586,0.533,23.405,0.079,12.999,2.474,,5.735,0.064,1.942,2.055,,0.088501818,2.189872727,,0.132909091,0.348,1.118,0.288,0.334,0.769,0.234,0.247,,,0.274,0.106,0.317,0.285,0.541,0.0704,,0.062,0.073,0.068,0.115,,,0.058,,,,0.071,,,,,,,,,
08/09/2017 4:10:00,08/09/2017 4:40:00,0.76,0.499,24.06,0.103,13.323,2.608,,5.989,0.07,2.027,2.374,,0.137928182,2.512117273,0.050484545,0.166866364,0.421,1.354,0.357,0.398,0.917,0.278,0.309,,0.055,0.347,0.154,0.401,0.372,0.762,0.0937,0.052214545,0.081,0.14,0.124,0.214,,,0.179,0.069,,0.066,0.11,,0.105,,,0.053,,,,
08/09/2017 5:10:00,08/09/2017 5:40:00,1.131,0.807,17.606,0.212,9.629,1.994,,4.652,0.062,1.576,2.155,0.06264,0.151221818,2.198569091,0.055521818,0.144894545,0.404,1.342,0.335,0.423,0.897,0.313,0.294,,,0.374,0.15,0.367,0.36,0.833,0.0677,,0.079,0.101,0.118,0.231,,,0.18,0.078,,0.072,0.124,,0.118,,,0.066,,,,
08/09/2017 6:10:00,08/09/2017 6:40:00,0.525,0.679,4.679,0.137,1.832,0.376,,0.775,,0.256,0.593,,,0.420954545,0.119636364,,0.1,0.335,0.066,0.082,0.201,0.163,,,,0.105,,0.063,0.074,0.327,,,,,,,,,0.112,,,,,,,,,,,,,
08/09/2017 7:09:00,08/09/2017 7:39:00,0.862,0.67,8.666,0.228,5.892,1.466,,3.778,0.05,1.292,1.675,,0.09744,1.57632,0.23328,0.08512,0.284,0.93,0.217,0.214,0.551,0.245,0.139,,,0.195,0.075,0.131,0.144,0.473,,,,,,0.095,,,0.072,,,,0.066,,,,,,,,,
08/09/2017 8:09:00,08/09/2017 8:39:00,0.537,0.702,2.901,0.128,1.414,0.237,,0.573,,0.191,0.471,,,0.296716364,0.155438182,,0.073,0.271,,,0.138,0.161,,,,0.071,,,,0.351,,,,,,,,,,,,,,,,,,,,,,
08/09/2017 13:58:00,08/09/2017 14:28:00,0.07,0.251,5.652,,2.926,0.537,0.097,1.323,,0.419,0.414,,,0.444923525,,,0.067,0.187,0.054,,0.165,0.114,0.054,,,0.06,,0.066,0.068,0.095,,,,,0.051,0.051,,,,,,,,,,,,,,,,
08/09/2017 17:10:00,08/09/2017 17:40:00,0.154,0.272,6.97,0.063,4.541,0.859,0.108,2.063,,0.666,0.699,,,0.817244407,0.079715932,,0.132,0.413,0.112,0.13,0.326,0.149,0.088,,,0.107,,0.099,0.098,0.162,,,,,0.055,,,,,,,,,,,,,,,,,
08/09/2017 18:10:00,08/09/2017 18:40:00,0.131,0.288,4.578,,2.429,0.442,0.119,1.027,,0.332,0.428,,,0.441550508,0.099112881,,0.117,0.352,0.106,0.176,0.342,0.177,0.19,,,0.213,0.104,0.409,0.37,0.384,,0.112537695,0.169,0.139,0.367,0.241,0.082,,0.171,0.246,,0.071,0.099,,0.101,,,0.159,,,0.086,
08/09/2017 19:09:00,08/09/2017 19:39:00,0.167,0.248,6.792,0.054,3.677,0.674,0.119,1.538,,0.499,0.527,,,0.578996746,0.086352746,,0.109,0.34,0.096,0.122,0.259,0.133,0.102,,,0.114,,0.134,0.123,0.141,,,,,0.064,,,,0.069,,,,,,,,,,,,,
08/09/2017 20:09:00,08/09/2017 20:39:00,0.364,0.389,5.078,0.09,2.543,0.578,0.135,1.141,,0.364,0.502,,,0.444885898,0.091703797,,0.085,0.252,0.082,0.089,0.202,0.138,,,,0.09,,,0.062,0.231,,,,,,,,,,,,,,,,,,,,,,
08/09/2017 21:09:00,08/09/2017 21:39:00,0.316,0.303,4.999,0.067,2.267,0.485,0.143,0.958,,0.306,0.462,,,0.347616068,0.072442373,,0.078,0.221,0.066,0.074,0.146,0.136,0.069,,,0.098,,0.066,0.068,0.209,,,,,,0.083,0.052,,0.059,,,,,,,,,,,,,
08/09/2017 22:08:00,08/09/2017 22:38:00,0.414,0.303,5.639,0.073,2.383,0.503,0.144,0.937,,0.304,0.471,,,0.369823729,0.055149153,,0.086,0.231,0.077,0.081,0.152,0.138,0.064,,,0.094,,,0.058,0.233,,,,,,0.087,,,,,,,,,,,,,,,,
08/09/2017 23:08:00,08/09/2017 23:38:00,0.466,0.347,5.44,0.092,2.183,0.43,0.135,0.922,,0.301,0.464,,,0.428605966,,,0.125,0.376,0.121,0.202,0.396,0.184,0.258,,,0.287,0.138,0.533,0.462,0.603,,0.157322576,0.222,0.204,0.479,0.624,0.299,,0.437,0.402,,0.102,0.159,,0.193,0.053,0.052,0.218,,,0.137,0.06
08/10/2017 0:08:00,08/10/2017 0:38:00,0.536,0.414,6.588,0.086,2.492,0.474,0.145,0.946,,0.307,0.454,,,0.386254983,0.059162102,,0.084,0.236,0.073,0.077,0.153,0.143,0.061,,,0.09,,0.053,0.062,0.261,,,,,,0.334,0.262,,0.253,,,,,,,,,,,,,
08/10/2017 1:08:00,08/10/2017 1:38:00,0.424,0.388,11.833,0.104,5.677,1.218,0.146,2.342,,0.76,1.027,,,0.955268407,0.069773627,0.074638983,0.192,0.615,0.184,0.271,0.535,0.206,0.295,,,0.325,0.165,0.638,0.514,0.742,,0.184883525,0.267,0.257,0.589,0.492,0.254,,0.459,0.529,0.055,0.132,0.214,,0.236,0.098,0.077,0.359,,,0.219,0.11
08/10/2017 2:08:00,08/10/2017 2:38:00,0.669,0.421,20.313,0.128,11.878,2.393,0.145,5.32,0.093,1.713,2.099,,0.11194678,2.301536678,0.107602576,0.15104461,0.434,1.391,0.388,0.456,1.032,0.283,0.394,,,0.384,0.189,0.566,0.475,0.556,,0.156836881,0.113,0.111,0.198,0.168,0.071,,0.12,0.084,,,0.052,,0.067,,,0.063,,,,
08/10/2017 4:07:00,08/10/2017 4:37:00,0.535,0.716,8.086,0.1,4.744,0.846,0.143,2.092,,0.684,0.884,,,0.780608068,0.059333898,0.056960542,0.148,0.461,0.136,0.154,0.309,0.156,0.108,,,0.133,0.06,0.099,0.099,0.328,0.0516,,,,0.055,0.087,0.056,,0.08,,,,,,0.05,,,0.053,,,,
08/10/2017 5:07:00,08/10/2017 5:37:00,0.589,0.4,18.846,0.276,13.365,3.914,0.191,6.726,0.117,2.184,3.909,,0.150483932,3.034152203,,0.383039661,0.502,1.652,0.507,0.768,1.472,0.339,0.876,0.064,0.113,0.861,0.431,1.737,1.395,1.485,,0.517132,0.693,0.718,1.496,1.114,0.385,,0.866,1.457,0.142,0.33,0.539,0.138,0.646,0.234,0.176,0.937,0.081,0.062,0.605,0.335
08/10/2017 6:06:00,08/10/2017 6:36:00,0.381,0.381,11.001,0.09,6.089,1.144,0.146,2.718,0.051,0.88,1.028,,0.051245898,1.081208203,,0.075091864,0.188,0.556,0.169,0.217,0.471,0.187,0.173,,,0.195,0.078,0.246,0.216,0.32,,,0.061,0.055,0.163,0.139,0.067,,0.095,0.07,,,,,,,,0.059,,,,
08/10/2017 7:06:00,08/10/2017 7:36:00,0.686,0.525,32.39,0.156,19.382,3.162,0.156,6.924,0.118,2.284,2.466,,0.120999593,2.686698983,0.061077085,0.167298102,0.481,1.546,0.412,0.502,1.155,0.332,0.442,,0.051,0.515,0.222,0.731,0.616,0.554,,0.116612203,0.187,0.192,0.325,0.237,0.133,,0.132,0.171,,,0.053,,0.055,,,0.075,,,,
08/10/2017 8:06:00,08/10/2017 8:36:00,0.949,0.645,20.465,0.187,18.267,3.917,0.167,10.066,0.171,3.276,3.836,,0.188824407,4.224015932,,0.277190508,0.653,2.228,0.57,0.722,1.59,0.376,0.754,0.057,0.09,0.663,0.323,1.335,1.062,1.133,,0.356138644,0.491,0.514,1.061,0.793,0.259,,0.633,1.098,0.099,0.251,0.406,0.104,0.514,0.198,0.146,0.829,0.079,,0.552,0.293
08/10/2017 9:05:00,08/10/2017 9:35:00,0.392,0.502,12.092,0.08,9.106,1.788,0.157,4.772,0.079,1.535,1.416,,0.076222169,1.767745492,,0.116733492,0.253,0.782,0.206,0.251,0.587,0.202,0.182,,,0.17,0.078,0.193,0.197,0.202,,,,,0.083,,,,0.054,,,,,,,,,,,,,
08/10/2017 12:05:00,08/10/2017 12:35:00,0.325,0.358,10.901,0.076,8.041,1.341,0.125,3.361,0.054,1.084,1.053,,0.056057424,1.189517017,,0.07052,0.18,0.557,0.156,0.199,0.436,0.19,0.211,,,0.196,0.096,0.389,0.313,0.357,,0.088448814,0.14,0.15,0.375,0.255,0.075,,0.214,0.379,,0.086,0.167,,0.174,0.081,0.057,0.259,,,0.21,0.13
08/10/2017 15:04:00,08/10/2017 15:34:00,0.16,0.205,6.662,,4.38,0.709,0.111,1.757,,0.561,0.547,,,0.632760136,,,0.099,0.292,0.083,0.102,0.244,0.124,0.103,,,0.1,,0.155,0.138,0.178,,,0.054,,0.146,0.122,,,0.083,0.112,,,,,0.069,,,0.066,,,0.05,
08/10/2017 16:04:00,08/10/2017 16:34:00,,0.204,12.222,,6.029,1.087,0.098,2.11,,0.681,0.675,,,0.696406237,,,0.099,0.293,0.089,0.085,0.243,0.111,0.078,,,0.09,,0.102,0.098,0.107,,,,,0.086,0.061,,,0.141,0.068,,,,,,,,,,,,
08/10/2017 17:03:00,08/10/2017 17:33:00,0.099,0.2,16.258,0.052,10.712,1.597,0.118,3.799,0.063,1.228,1.286,,0.069582983,1.666654576,,0.120379797,0.299,0.938,0.264,0.384,0.84,0.222,0.42,,0.051,0.424,0.201,0.852,0.694,0.739,,0.220119525,0.34,0.356,0.807,0.592,0.179,,0.466,0.876,0.087,0.205,0.396,0.083,0.388,0.139,0.108,0.641,0.051,,0.494,0.288
08/10/2017 18:03:00,08/10/2017 18:33:00,0.065,0.185,8,,5.087,1.008,0.112,2.062,,0.667,0.82,,,0.918122034,,0.071285085,0.155,0.475,0.139,0.202,0.425,0.124,0.201,,,0.219,0.101,0.374,0.313,0.403,,0.099649831,0.133,0.138,0.341,0.256,0.066,,0.205,0.387,,0.11,0.173,,0.213,0.086,0.086,0.405,,,0.383,0.233
08/10/2017 19:02:00,08/10/2017 19:32:00,0.071,0.188,6.776,,3.265,0.559,0.113,1.23,,0.392,0.428,,,0.473082441,,,0.077,0.22,0.058,0.085,0.183,0.094,0.083,,,0.086,,0.121,0.106,0.11,,,,,0.09,0.069,0.055,,0.124,0.062,,,,,,,,0.059,,,,
08/10/2017 20:02:00,08/10/2017 20:32:00,0.097,0.22,6.596,,3.327,0.556,0.114,1.311,,0.418,0.469,,,0.480819322,,,0.081,0.238,0.067,0.094,0.194,0.095,0.077,,,0.086,,0.102,0.087,0.083,,,,,0.052,0.062,,,,,,,,,,,,,,,,
08/10/2017 21:01:00,08/10/2017 21:31:00,0.186,0.222,10.115,0.057,5.674,1.131,0.111,2.299,,0.742,0.918,,,0.84467722,,0.056827661,0.137,0.414,0.117,0.141,0.332,0.112,0.123,,,0.127,0.057,0.176,0.153,0.166,,,,,0.111,0.098,,,0.077,0.067,,,,,,,,0.055,,,,
08/10/2017 22:01:00,08/10/2017 22:31:00,0.207,0.307,14.763,0.051,9.524,1.818,0.121,4.717,0.079,1.53,1.573,,0.08540522,1.947979458,,0.15064,0.302,0.965,0.259,0.394,0.736,0.213,0.294,,,0.248,0.117,0.367,0.315,0.244,,0.076724271,0.074,0.063,0.134,0.074,,,,,,,,,,,,,,,,
08/10/2017 23:01:00,08/10/2017 23:31:00,0.438,0.48,31.337,0.123,23.936,4.441,0.128,12.411,0.21,4.053,3.577,,0.201705085,4.587184746,,0.330822034,0.62,1.934,0.503,0.706,1.47,0.308,0.513,,0.059,0.442,0.192,0.581,0.514,0.363,,0.095585085,0.112,0.104,0.177,0.097,,,0.051,0.051,,,,,,,,,,,,
08/11/2017 0:00:00,08/11/2017 0:30:00,0.515,0.423,18.418,0.122,14.146,2.817,0.128,7.052,0.115,2.293,1.942,,0.102396203,2.264869559,,0.145707729,0.286,0.913,0.237,0.3,0.644,0.156,0.218,,,0.172,0.078,0.21,0.175,0.189,,,,,0.058,0.082,,,,,,,,,,,,,,,,
08/11/2017 2:00:00,08/11/2017 2:30:00,0.174,0.279,6.742,,3.45,0.524,0.116,1.253,,0.406,0.483,,,0.44550461,,,0.081,0.22,0.076,0.086,0.178,0.095,0.079,,,0.094,,0.084,0.057,0.127,,,,,0.052,0.057,0.063,,,,,,,,,,,,,,,
08/11/2017 2:59:00,08/11/2017 3:29:00,0.248,0.246,9.146,0.057,4.526,0.693,0.113,1.642,,0.532,0.633,,,0.61622739,,,0.104,0.315,0.1,0.118,0.233,0.094,0.091,,,0.102,,0.117,0.084,0.166,,,,,0.064,0.064,,,,,,,,,,,,,,,,
08/11/2017 3:59:00,08/11/2017 4:29:00,0.343,0.28,9.582,0.206,5.849,1.6,0.152,2.545,,0.817,1.596,,0.060174237,1.100631864,,0.164617627,0.151,0.445,0.159,0.177,0.348,0.089,0.154,,,0.163,0.084,0.167,0.114,0.225,,,,,0.093,0.071,,,0.141,,,,0.052,,,,,0.057,,,,
08/11/2017 4:59:00,08/11/2017 5:29:00,0.595,0.284,32.175,0.498,29.482,10.054,0.248,14.37,0.248,4.665,8.679,0.080813695,0.284181492,5.837255864,,0.734924542,0.508,1.683,0.607,0.588,1.42,0.172,0.536,0.063,0.084,0.637,0.321,0.621,0.472,1.063,,0.124821153,0.157,0.199,0.358,0.352,0.138,,0.289,0.466,0.05,0.154,0.248,0.058,0.311,0.108,0.111,0.553,,,0.445,0.189
08/11/2017 5:59:00,08/11/2017 6:29:00,0.994,0.794,61.978,0.289,60.664,14.533,0.17,31.405,0.52,10.173,6.91,,0.304698915,6.721086508,,0.331935322,0.733,2.344,0.61,0.622,1.546,0.285,0.472,,,0.418,0.185,0.504,0.423,0.429,,0.08962522,0.078,0.086,0.166,0.123,0.051,,0.096,0.066,,,0.051,,,,,0.076,,,,
08/11/2017 6:58:00,08/11/2017 7:28:00,0.659,0.399,18.861,0.163,13.664,2.8,0.132,6.274,0.106,2.043,1.971,,0.104341898,2.285937966,,0.152260881,0.373,1.171,0.323,0.412,0.88,0.219,0.336,,,0.306,0.146,0.425,0.378,0.337,,,0.087,0.093,0.169,0.085,,,0.075,,,,,,,,,,,,,
08/11/2017 7:58:00,08/11/2017 8:28:00,0.365,0.294,11.305,0.092,7.849,1.544,0.132,3.724,0.063,1.196,1.288,,0.063960203,1.444468542,,0.08853939,0.228,0.712,0.19,0.229,0.499,0.135,0.181,,,0.177,0.068,0.198,0.179,0.189,,,,,0.077,0.058,,,,,,,,,,,,,,,,
08/11/2017 8:58:00,08/11/2017 9:28:00,0.187,0.278,7.815,,4.997,0.993,0.13,2.556,,0.818,0.975,,,1.157634576,,0.078277627,0.201,0.606,0.166,0.214,0.468,0.136,0.177,,,0.165,0.074,0.233,0.203,0.194,,,,0.052,0.09,,,,,,,,,,,,,,,,,
08/11/2017 9:58:00,08/11/2017 10:28:00,0.272,0.261,13.878,0.054,9.102,1.732,0.124,4.04,0.063,1.285,1.315,,0.064864,1.513722373,,0.078056678,0.226,0.702,0.183,0.197,0.508,0.118,0.156,,,0.163,0.067,0.167,0.172,0.139,,,,,0.087,,,,0.054,,,,,,,,,,,,,
08/11/2017 11:57:00,08/11/2017 12:27:00,0.22,0.25,13.357,0.055,7.942,1.568,0.108,3.499,0.056,1.133,1.134,,0.059513763,1.367286983,,0.089131593,0.239,0.75,0.199,0.219,0.581,0.138,0.166,,,0.185,0.074,0.112,0.141,0.227,,,,,0.056,,,,0.098,,,,,,,,,0.098,,,0.064,
08/11/2017 12:57:00,08/11/2017 13:27:00,0.123,0.289,11.658,,6.006,1.058,0.105,2.502,,0.816,0.804,,,0.939748949,,0.070351797,0.148,0.432,0.122,0.137,0.358,0.128,0.122,,,0.146,0.063,0.129,0.157,0.13,,,,,0.084,,0.055,,,,,,,,,,,,,,,
08/11/2017 13:56:00,08/11/2017 14:26:00,0.093,0.234,10.282,,5.453,0.953,0.088,2.297,,0.734,0.702,,,0.775416949,,,0.117,0.346,0.092,0.097,0.283,0.111,0.081,,,0.097,,0.08,0.094,0.099,,,,,0.05,,,,,,,,,,,,,,,,,
08/11/2017 14:56:00,08/11/2017 15:26:00,,0.189,6.375,,3.359,0.632,0.087,1.558,,0.49,0.542,,,0.592849492,,,0.095,0.274,0.079,0.08,0.245,0.093,0.057,,,0.072,,,0.062,0.06,,,,,,,,,,,,,,,,,,,,,,
08/11/2017 15:56:00,08/11/2017 16:26:00,,0.202,6.092,,3.315,0.626,0.09,1.571,,0.507,0.509,,,0.590566102,,,0.088,0.261,0.071,0.078,0.201,0.093,0.055,,,0.076,,0.05,0.059,0.057,,,,,0.053,,,,,,,,,,,,,,,,,
08/11/2017 16:56:00,08/11/2017 17:26:00,0.08,0.203,7.461,,4.29,0.766,0.087,1.926,,0.627,0.61,,,0.699420814,,,0.098,0.29,0.08,0.081,0.244,0.101,0.065,,,0.08,,0.057,0.07,0.088,,,,,,,,,,,,,,,,,,,,,,
08/11/2017 17:55:00,08/11/2017 18:25:00,,0.214,7.292,,3.916,0.715,0.094,1.772,,0.562,0.567,,,0.634021356,0.089094034,,0.097,0.283,0.074,0.083,0.218,0.101,0.061,,,0.079,,0.065,0.072,0.08,,,,,,,0.056,,,,,,,,,,,,,,,
08/11/2017 18:55:00,08/11/2017 19:25:00,0.593,0.512,12.257,0.176,7.217,1.584,0.146,3.843,0.064,1.232,1.425,,0.070201695,1.522001695,0.156470169,0.081057627,0.25,0.802,0.22,0.226,0.595,0.16,0.165,,,0.192,0.081,0.189,0.186,0.244,,,,,0.086,0.054,,,0.075,,,,,,,,,,,,,
08/11/2017 19:55:00,08/11/2017 20:25:00,0.121,0.202,12.836,,8.5,1.359,0.106,3.163,,1.025,1.011,,0.051673559,1.120078983,,0.063318305,0.174,0.53,0.144,0.179,0.403,0.136,0.159,,,0.182,0.072,0.23,0.2,0.226,,0.057787051,0.07,0.072,0.195,0.129,0.053,,0.121,0.147,,,0.075,,0.066,,,0.135,,,0.078,
08/11/2017 20:54:00,08/11/2017 21:24:00,0.145,0.223,9.656,,6.152,1.171,0.107,2.801,,0.894,0.957,,,1.067058305,,0.070405356,0.168,0.528,0.144,0.18,0.423,0.131,0.16,,,0.174,0.074,0.252,0.219,0.22,,0.055036203,0.079,0.078,0.207,0.137,,,0.103,0.159,,,0.064,,0.062,,,0.114,,,0.071,
08/11/2017 22:54:00,08/11/2017 23:24:00,0.215,0.254,7.392,0.061,4.869,0.949,0.103,2.227,,0.728,0.718,,,0.754652,,,0.124,0.353,0.099,0.125,0.266,0.098,0.091,,,0.104,,0.105,0.099,0.13,,,,,,,,,,,,,,,,,,,,,,
08/11/2017 23:53:00,08/12/2017 0:23:00,0.219,0.243,12.391,0.061,6.52,1.412,0.109,3.505,0.061,1.128,1.492,,0.070984068,1.689480339,,0.117413898,0.344,1.066,0.3,0.336,0.818,0.176,0.292,,,0.311,0.136,0.387,0.338,0.278,,0.060715932,0.067,0.061,0.134,0.098,0.069,,0.07,,,,,,,,,,,,,
08/12/2017 0:53:00,08/12/2017 1:23:00,0.482,0.243,25.374,0.137,14.414,3.19,0.125,7.845,0.126,2.544,3.41,,0.174315593,4.11594278,,0.271423593,0.803,2.684,0.705,0.804,1.953,0.325,0.683,,0.069,0.731,0.317,0.947,0.832,0.56,,0.150824136,0.172,0.18,0.272,0.167,,,0.081,0.085,,,,,,,,,,,,
08/12/2017 1:53:00,08/12/2017 2:23:00,0.229,0.205,9.808,0.059,5.223,0.904,0.114,2.249,,0.723,0.78,,,0.837804136,,0.052804678,0.134,0.396,0.114,0.136,0.286,0.091,0.091,,,0.102,,0.094,0.097,0.165,,,,,,,,,,,,,,,,,,,,,,
08/12/2017 2:52:00,08/12/2017 3:22:00,0.23,0.221,10.084,0.053,5.531,1.013,0.106,2.332,,0.753,0.881,,,0.949271593,,0.055812814,0.159,0.478,0.137,0.164,0.352,0.091,0.136,,,0.145,0.06,0.184,0.161,0.2,,,,,0.104,0.064,0.059,,0.07,0.059,,,0.051,,,,,,,,,
08/12/2017 3:52:00,08/12/2017 4:22:00,0.217,0.24,11.194,,5.307,0.983,0.102,2.267,,0.733,0.886,,,0.863440949,,0.052919593,0.147,0.459,0.13,0.133,0.315,0.095,0.097,,,0.123,0.05,0.108,0.109,0.222,,,,,0.07,0.074,,,0.056,,,,,,,,,,,,,
08/12/2017 4:52:00,08/12/2017 5:22:00,0.22,0.224,6.661,,3.797,0.698,0.095,1.788,,0.564,0.701,,,0.726186441,,,0.132,0.398,0.108,0.129,0.285,0.077,0.096,,,0.123,,0.1,0.098,0.141,,,,,,,,,,,,,,,,,,,,,,
08/12/2017 5:51:00,08/12/2017 6:21:00,0.132,0.173,4.606,,2.826,0.477,0.098,1.304,,0.424,0.433,,,0.457703458,,,0.07,0.193,0.057,0.079,0.165,0.064,0.054,,,0.08,,0.055,0.054,0.068,,,,,,,,,,,,,,,,,,,,,,
08/12/2017 6:51:00,08/12/2017 7:21:00,0.145,0.221,5.287,,3.026,0.49,0.112,1.316,,0.423,0.463,,,0.47913078,0.074009559,,0.077,0.222,0.064,0.081,0.185,0.067,0.057,,,0.08,,0.052,0.058,0.09,,,,,,,,,,,,,,,,,,,,,,
08/12/2017 7:51:00,08/12/2017 8:21:00,0.244,0.324,4.511,,2.49,0.395,0.14,1.017,,0.321,0.401,,,0.372772881,0.099716746,,0.07,0.181,0.053,0.065,0.123,0.076,,,,0.063,,,,0.117,,,,,0.052,,,,,,,,,,,,,,,,,
08/12/2017 8:51:00,08/12/2017 9:21:00,0.337,0.253,11.142,0.102,7.097,1.722,0.162,3.736,0.062,1.211,1.408,,0.062610373,1.465644814,,0.098521559,0.229,0.709,0.203,0.245,0.553,0.137,0.215,,,0.242,0.108,0.337,0.275,0.373,,0.069948746,0.096,0.121,0.239,0.17,0.06,,0.149,0.222,,0.077,0.128,,0.127,0.064,,0.264,,,0.181,0.077
08/12/2017 9:50:00,08/12/2017 10:20:00,0.3,0.273,9.16,0.065,6.163,1.483,0.128,3.382,0.057,1.086,1.301,,0.061994915,1.354785085,,0.091658305,0.218,0.662,0.184,0.219,0.495,0.126,0.179,,,0.229,0.102,0.253,0.221,0.323,,0.073609153,0.056,0.077,0.203,0.088,,,0.102,0.135,,0.05,0.07,,0.067,,,0.136,,,0.114,
08/12/2017 11:50:00,08/12/2017 12:20:00,0.111,0.197,11.421,0.057,7.545,1.455,0.111,3.801,0.063,1.243,1.233,,0.058038915,1.375332,,0.084679729,0.2,0.599,0.172,0.216,0.449,0.125,0.174,,,0.187,0.077,0.242,0.206,0.205,,,0.065,0.061,0.148,0.087,0.074,,0.089,0.113,,,0.052,,0.053,,,0.112,,,0.064,
08/12/2017 12:50:00,08/12/2017 13:20:00,,0.223,10.363,,5.606,0.992,0.099,2.423,,0.783,0.776,,,0.925257966,,,0.136,0.412,0.109,0.123,0.305,0.111,0.102,,,0.117,,0.137,0.128,0.129,,,,,0.092,,,,,,,,,,,,,,,,,
08/12/2017 13:50:00,08/12/2017 14:20:00,0.066,0.195,7.071,,3.204,0.554,0.074,1.334,,0.419,0.446,,,0.493266237,,,0.081,0.231,0.065,0.073,0.178,0.071,0.056,,,0.073,,0.053,0.062,,,,,,,,,,,,,,,,,,,,,,,
08/12/2017 14:49:00,08/12/2017 15:19:00,0.111,0.267,10.816,,5.112,0.941,0.075,2.382,,0.767,0.853,,,0.869008475,0.090974576,,0.145,0.421,0.12,0.135,0.315,0.121,0.095,,,0.116,,0.104,0.112,0.19,,,,,0.053,,,,,,,,,,,,,,,,,
08/12/2017 15:49:00,08/12/2017 16:19:00,,0.182,3.891,,2.13,0.379,0.072,0.989,,0.323,0.379,,,0.342595186,0.231255797,,0.061,0.155,,0.055,0.106,0.067,,,,0.063,,,,0.078,,,,,,,,,,,,,,,,,,,,,,
08/12/2017 16:48:00,08/12/2017 17:18:00,0.41,0.444,2.5,0.079,1.06,0.242,0.098,0.565,,0.182,0.489,,,0.29308461,0.257140271,,0.083,0.218,0.068,0.059,0.141,0.108,,,,0.092,,,,0.231,,,,,,0.058,,,,,,,,,,,,,,,,
08/12/2017 17:48:00,08/12/2017 18:18:00,0.399,0.311,4.386,0.089,2.071,0.356,0.102,0.829,,0.269,0.553,,,0.397528949,0.120795186,,0.085,0.241,0.074,0.07,0.131,0.093,,,,0.09,,,0.055,0.192,,,,,,,,,0.081,,,,,,,,,,,,,
08/12/2017 18:48:00,08/12/2017 19:18:00,0.542,0.372,4.058,0.129,1.956,0.436,0.12,0.993,,0.317,0.723,,,0.507597966,0.111047322,,0.117,0.34,0.099,0.093,0.188,0.123,0.062,,,0.131,0.065,,0.074,0.291,,,,,,0.102,0.07,,0.094,,,,,,,,,,,,,
08/12/2017 19:48:00,08/12/2017 20:18:00,0.616,0.385,3.663,0.139,1.633,0.352,0.123,0.788,,0.253,0.605,,,0.425753559,0.063392542,,0.104,0.284,0.089,0.085,0.145,0.114,0.053,,,0.116,,,0.061,0.275,,,,,,0.068,,,0.067,,,0.082,0.115,,0.092,0.058,,,,,,
08/12/2017 20:48:00,08/12/2017 21:18:00,0.984,0.63,4.949,0.255,2.379,0.656,0.162,1.658,,0.534,1.378,,,0.920901492,0.061880068,0.054912339,0.208,0.626,0.187,0.155,0.277,0.206,0.093,,,0.193,0.091,0.076,0.105,0.46,0.0854,,,,,0.109,0.059,,0.106,,,,0.071,,0.067,,,,,,,
08/12/2017 22:47:00,08/12/2017 23:17:00,0.804,0.531,16.121,0.222,9.363,2.019,0.132,4.296,0.073,1.401,1.867,,0.077899322,1.744107186,,0.129832203,0.317,1.04,0.269,0.327,0.69,0.196,0.269,,,0.293,0.129,0.362,0.31,0.448,0.1796,0.110734305,0.086,0.077,0.141,0.167,0.13,,0.117,0.085,,0.053,0.085,,0.076,,,0.106,,,,
08/12/2017 23:47:00,08/13/2017 0:17:00,1.209,0.566,28.247,0.266,15.012,3.23,0.134,7.505,0.126,2.44,3.115,,0.157060271,3.692347254,,0.253350169,0.75,2.432,0.656,0.792,1.847,0.36,0.678,,0.08,0.695,0.319,0.961,0.836,0.7,,0.181132746,0.197,0.208,0.311,0.205,0.064,,0.137,0.114,,,0.071,,,,,0.072,,,,
08/13/2017 0:46:00,08/13/2017 1:16:00,0.991,0.464,24.35,0.221,13.645,2.792,0.121,6.696,0.114,2.166,2.827,,0.135322034,2.971333559,,0.201629831,0.622,1.945,0.526,0.59,1.399,0.313,0.482,,0.067,0.538,0.239,0.609,0.555,0.641,0.138,0.145302034,0.137,0.145,0.217,0.175,0.059,,0.142,0.1,,0.059,0.086,,0.094,,,0.066,,,,
08/13/2017 1:46:00,08/13/2017 2:16:00,0.758,0.429,14.082,0.155,7.441,1.463,0.103,3.432,0.055,1.1,1.471,,0.063057424,1.448451119,,0.096710712,0.283,0.911,0.256,0.283,0.611,0.179,0.21,,,0.275,0.116,0.259,0.244,0.464,0.1003,0.055578915,0.058,0.061,0.105,0.111,,,0.099,,,,0.051,,,,,,,,,
08/13/2017 2:46:00,08/13/2017 3:16:00,0.881,0.457,18.347,0.204,9.343,1.846,0.121,4.366,0.074,1.41,2.02,,0.084706712,1.844761898,,0.116471729,0.406,1.158,0.346,0.395,0.836,0.206,0.315,0.163,0.104,0.421,0.169,0.467,0.402,0.649,0.545,0.534711119,0.146,0.147,0.212,0.205,0.101,,0.174,0.14,,0.072,0.107,,0.09,,,0.114,,,0.057,
08/13/2017 3:46:00,08/13/2017 4:16:00,0.716,0.371,17.354,0.125,8.489,1.706,0.1,3.793,0.068,1.228,1.788,,0.084595458,1.654330237,,0.117884542,0.338,1.04,0.303,0.33,0.71,0.194,0.25,,,0.321,0.139,0.325,0.292,0.515,0.1066,0.111535593,0.089,0.09,0.135,0.143,0.071,,0.215,0.065,,,0.067,,0.061,,,0.053,,,,
08/13/2017 4:45:00,08/13/2017 5:15:00,0.612,0.438,12.701,0.118,6.225,1.151,0.1,2.637,,0.856,1.248,,0.059480339,1.16012522,,0.076376203,0.226,0.668,0.199,0.233,0.449,0.153,0.161,,,0.209,0.095,0.183,0.178,0.442,,,,,0.066,0.106,0.061,,0.086,,,,,,,,,,,,,
08/13/2017 5:45:00,08/13/2017 6:15:00,0.889,0.743,18.802,0.194,9.626,1.925,0.141,4.501,0.084,1.461,1.978,,0.094578305,1.77308339,0.064437966,0.128529492,0.362,1.112,0.311,0.334,0.71,0.203,0.27,0.067,0.06,0.35,0.151,0.342,0.305,0.593,0.3026,0.232808136,0.088,0.094,0.143,0.172,0.079,,0.142,0.103,,0.06,0.096,,0.072,,,0.079,,,,
08/13/2017 6:45:00,08/13/2017 7:15:00,0.654,0.439,9.944,0.105,4.663,0.912,0.127,1.983,,0.667,1.031,,,0.877826983,0.258614373,0.057953288,0.184,0.565,0.167,0.184,0.377,0.13,0.115,,,0.174,0.079,0.125,0.135,0.418,0.0755,0.072398102,,,0.05,0.109,0.059,,0.087,,,,,,,,,,,,,
08/13/2017 7:45:00,08/13/2017 8:15:00,0.355,0.318,6.381,0.055,3.367,0.598,0.124,1.463,,0.476,0.595,,,0.602874034,0.210516339,,0.104,0.28,0.087,0.096,0.194,0.086,0.07,,,0.096,,0.069,0.08,0.177,,,,,,,,,0.085,,,,,,,,,,,,,
08/13/2017 10:44:00,08/13/2017 11:14:00,0.105,0.391,2.945,,1.332,0.279,0.082,0.661,,0.207,0.385,,,0.295539322,0.181011186,,0.057,0.139,,,0.087,0.055,,,,0.059,,,,0.084,,,,,,,,,,,,,,,,,,,,,,
08/13/2017 11:44:00,08/13/2017 12:14:00,,0.189,1.619,,0.728,0.115,0.071,0.388,,0.121,0.263,,,0.170443322,0.187541085,,,0.066,,,,,,,,,,,,,,,,,,,,,,,,,,,,,,,,,,
08/13/2017 12:43:00,08/13/2017 13:13:00,,0.108,1.789,,0.887,0.137,0.053,0.41,,0.133,0.199,,,0.161023729,0.070313695,,,,,,,,,,,0.057,,,,,,,,,,,,,,,,,,,,,,,,,,
08/13/2017 13:43:00,08/13/2017 14:13:00,,0.147,6.203,,2.833,0.563,0.056,1.31,,0.42,0.616,,,0.578367322,0.056255119,,0.12,0.353,0.107,0.146,0.279,0.059,0.136,,,0.16,0.062,0.225,0.172,0.141,,,0.052,0.059,0.118,0.059,,,0.053,0.082,,,,,,,,0.069,,,,
08/13/2017 14:43:00,08/13/2017 15:13:00,0.264,0.649,1.301,0.096,0.39,0.092,0.085,0.365,,0.12,0.336,,,0.215748136,0.242107322,,0.061,0.146,,,0.092,0.072,,,,0.074,,,,0.128,,,,,,,,,,,,,,,,,,,,,,
08/13/2017 15:42:00,08/13/2017 16:12:00,0.098,0.174,19.008,0.089,9.463,1.903,0.073,4.212,0.072,1.361,1.534,,0.061842373,1.615337288,,0.098657627,0.309,0.949,0.274,0.356,0.727,0.124,0.32,,,0.345,0.156,0.596,0.447,0.299,,0.144177966,0.141,0.166,0.287,0.163,,,0.123,0.232,,0.069,0.114,,0.089,,,0.197,,,0.118,0.05
08/13/2017 16:42:00,08/13/2017 17:12:00,0.109,0.197,2.863,,1.596,0.322,0.061,0.835,,0.269,0.424,,,0.378001695,0.247021831,,0.089,0.228,0.07,0.078,0.153,0.053,0.056,,,0.085,,0.056,0.06,0.078,,,,,,,,,,,,,,,,,,,,,,
08/13/2017 17:42:00,08/13/2017 18:12:00,0.066,0.204,2.695,,1.232,0.214,0.066,0.538,,0.172,0.294,,,0.243550441,0.268253153,,0.05,0.113,,,0.074,,,,,0.055,,,,0.064,,,,,,,,,0.06,,,,,,,,,,,,,
08/13/2017 18:42:00,08/13/2017 19:12:00,0.393,0.294,2.253,0.088,1.133,0.231,0.087,0.586,,0.192,0.439,,,0.331385288,0.157146102,,0.081,0.211,0.066,0.064,0.12,0.09,,,,0.099,,,0.05,0.174,,,,,,,,,,,,,,,,,,,,,,
08/13/2017 19:41:00,08/13/2017 20:11:00,0.24,0.182,22.418,0.146,12.284,2.5,0.112,5.517,0.095,1.788,2.078,,0.093412746,2.201291661,0.175933492,0.139011458,0.429,1.396,0.372,0.459,1.005,0.174,0.413,,,0.431,0.2,0.724,0.55,0.431,,0.156180203,0.17,0.195,0.32,0.2,,,0.158,0.226,,0.079,0.12,,0.11,,,0.152,,,0.1,
08/13/2017 21:41:00,08/13/2017 22:11:00,0.192,0.188,5.021,0.056,2.582,0.49,0.073,1.062,,0.347,0.579,,,0.516622237,0.094981017,,0.119,0.33,0.101,0.119,0.219,0.078,0.096,,,0.127,,0.122,0.115,0.201,,,,,,,,,0.09,,,,,,,,,,,,,
08/13/2017 22:41:00,08/13/2017 23:11:00,0.206,0.229,3.803,0.062,1.86,0.345,0.073,0.772,,0.245,0.51,,,0.386447051,0.137108271,,0.094,0.251,0.076,0.085,0.152,0.071,0.06,,,0.107,,0.058,0.07,0.202,,,,,,,,,,,,,,,,,,,,,,
08/13/2017 23:40:00,08/14/2017 0:10:00,0.254,0.271,3.971,0.054,1.453,0.237,0.079,0.563,,0.178,0.434,,,0.29288061,0.167387186,,0.077,0.204,0.064,0.067,0.108,0.057,,,,0.087,,,,0.194,,,,,,,,,,,,,,,,,,,,,,
08/14/2017 0:40:00,08/14/2017 1:10:00,0.304,0.249,13.712,0.108,6.158,1.189,0.089,2.528,,0.828,1.188,,,1.082634169,0.147923525,0.071508949,0.248,0.752,0.218,0.272,0.543,0.112,0.245,,,0.284,0.127,0.425,0.319,0.378,,0.091886169,0.098,0.121,0.184,0.172,0.077,,0.122,0.122,,0.061,0.105,,0.073,,,0.105,,,,
08/14/2017 1:40:00,08/14/2017 2:10:00,0.153,0.195,8.534,0.057,4.418,0.845,0.091,1.766,,0.578,1.1,,,0.873555932,0.119000678,0.05343661,0.201,0.594,0.174,0.194,0.381,0.085,0.179,,,0.221,0.093,0.264,0.207,0.329,0.0724,0.102514915,0.067,0.091,0.136,0.11,,,0.085,0.057,,,0.067,,,,,0.055,,,,
08/14/2017 2:39:00,08/14/2017 3:09:00,0.135,0.155,6.851,,2.278,0.345,0.076,0.61,,0.202,0.552,,,0.374710712,0.095723458,,0.096,0.254,0.086,0.09,0.143,,0.084,,,0.123,0.058,0.05,0.06,0.23,,0.050621153,,,,0.077,0.058,,0.055,,,,,,,,,,,,,
08/14/2017 3:39:00,08/14/2017 4:09:00,0.279,0.238,17.972,0.245,9.974,3.249,0.137,4.885,0.085,1.577,3.662,,0.119258034,2.591568814,0.084856678,0.358347458,0.425,1.322,0.441,0.509,1.098,0.148,0.52,,0.059,0.598,0.28,0.815,0.585,0.578,,0.215390712,0.208,0.255,0.373,0.247,0.092,,0.195,0.344,,0.105,0.171,,0.151,0.071,0.063,0.253,,,0.203,0.116
08/14/2017 4:39:00,08/14/2017 5:09:00,0.255,0.254,10.294,0.084,8.81,4.702,0.092,12.507,0.204,4.076,5.667,,0.256421424,5.706336339,0.080419593,0.317455864,0.755,2.408,0.631,0.605,1.523,0.198,0.491,,,0.504,0.2,0.461,0.403,0.449,,0.089824271,0.07,0.094,0.121,0.101,,,0.094,,,,,,,,,,,,,
08/14/2017 5:38:00,08/14/2017 6:08:00,0.84,0.422,11.51,0.234,6.508,2.474,0.159,5.895,0.114,1.919,3.179,0.05820922,0.17058,2.884633085,0.116803932,0.182722983,0.491,1.581,0.429,0.421,0.936,0.237,0.349,,,0.404,0.184,0.369,0.33,0.663,0.0808,0.114876475,0.123,0.107,0.139,0.21,0.056,,0.146,,,0.073,0.121,,0.077,,,,,,,
08/14/2017 6:38:00,08/14/2017 7:08:00,0.567,0.33,4.81,0.158,1.83,0.296,0.14,0.749,,0.246,0.601,,,0.392731864,0.311436949,,0.115,0.321,0.099,0.095,0.172,0.086,0.082,,,0.125,0.069,0.074,0.075,0.334,0.2534,,,,,0.101,0.053,,0.078,,,,,,,,,,,,,
08/14/2017 7:38:00,08/14/2017 8:08:00,0.208,0.163,2.389,0.064,0.971,0.192,0.105,0.456,,0.149,0.365,,,0.262986508,0.223723186,,0.07,0.169,0.058,0.058,0.115,0.051,,,,0.079,,,,0.129,,0.051897559,,,,,,,,,,,,,,,,,,,,